,Utterance
628,他们是一家的
629,听懂了
882,有我们家的吗
1079,你这是什么
1111,你听小姨的话
1112,你早餐想吃点什么
1113,小姨给你去买
1152,行
1153,都听您的
1156,妈妈怪心疼的
1157,好
1158,那我走了
1536,我不对你好
1537,我对谁好
1538,你是我亲闺女
1539,我是你亲爹
1540,全世界没有比父女更亲的 知道吗
1541,你说这么多年 你妈呲我
1542,为什么我不生气
1543,那就是因为她给我生了你这么个闺女
1544,我这心里一辈子都感激她
1545,知道吗
1788,重要的是过来看看你
1789,老爸能陪你一起吃一顿早饭
1799,多吃点啊
1800,多吃点
1801,好
1866,我记得你跟我说过
1936,准备在婚礼上的时候做一个视频
1937,把我当年英俊潇洒的样子展示回顾一下
1938,女人的虚荣心可以理解
2035,我弄汤呢
2039,我跟你说今天孩子们说了
2040,下午学校老师要开年级会
2041,要晚上没有晚自习
2042,这马上就回来了
2046,英子 回来了
2049,快进来
2050,快点来帮帮我
2071,我觉得这玩具其实还挺好的
2072,寓教于乐的
2081,我只是今天开明啊
2082,我觉得我一直挺开明的
2083,要不然我的学生怎么那么喜欢我呢
2085,快帮我看看为什么一直安不上
2086,然后我都拼到这了了
2087,你看这怎么就没有 这怎么回事
2347,这就是我给你的补偿
2819,我还真有个地方
2843,这个位置是真好
2845,这个房子最好的就是位置
2846,二楼你看你上下楼也不用等电梯溜达就下去了
2847,从家门口出去到学校门口整整4分半
2978,来 坐坐坐
2979,坐
2982,应该的
2986,1+1>2
2988,你能这么想当然最好了
3205,孩子们再一考上大学
3206,我们共享清福是
3348,再给你出一主意
3371,好的
3372,您二位点了一份双重知识披萨
3373,9寸的 一份新鲜炸鸡翅
3374,两杯果汁
3379,好的
3380,我下单了
3381,谢谢
3382,不客气
3383,咱们俩好久没有单独在一起吃饭了
3387,原来那有一家麦当劳的
3389,你还记得吗
3400,我本来是要学卡丁车的
3401,但是不行 你舅舅让我来先练练卡丁车
3408,比我开得好
3424,那就是一游戏机跟真车比还差得远
3504,你先坐
3506,坐这儿
3507,干嘛
3508,让你坐就坐
3804,英子 怎么待这么一会就走了
3805,不会是躲着我吧
3816,这是我曾经战斗和生活过的地方
3825,知道我为什么离婚
3826,什么都没要
3827,就要了这个房子吗
3828,为什么
3913,你得了 还不知道你怎么想的
3916,你看我这有疹子吗
3935,你戴上
3936,带上
3976,这老师教的真
3977,挺好的
3978,挺仔细的
3979,长得也挺好看的
3982,对我也是一看他挺有眼缘的
3985,咱以后就上她的
4239,闺女来
4344,不错
4345,你继续保持
4420,应该我们去看您是才对
4946,让你多穿点
4947,好久都没陪你出来走走了
4948,是挺久没出来走走了
4951,小狗挺可爱的
4952,挺可爱的
4953,要不咱们也养一只
4954,想什么
5297,我帮你
5314,我知道了
5315,食堂的饭菜不合你胃口
5363,对
5364,喝杯水
5369,好好
5370,您看您忙的
5378,已经适应了
5379,对了
5380,我正在写总结报告
5381,准备跟您汇报一下自己的工作
5385,对
5386,18岁了
5780,酷
5781,真是酷
5855,真的好玩
5856,总比在这一直闷着头学习强
5873,你看 别学了 你看看现在还有5个人
5874,我手持满配m4 满配awm 三级头 三级包 三级甲
5875,两个手雷
5876,一个烟雾弹
5878,点出去了
5945,刘静
5948,我是真心的
5981,快起来
5989,您做的肯定特别有营养
5991,我先下趟楼给你买去
6001,还有这个
6011,感觉怎么样
6013,还行吗
6048,你再吃一口
6049,来
6051,多吃点啊
6083,我就觉得宇宙特别浪漫
6084,研究宇宙的天文学也特别浪漫
6085,而且研究宇宙的时候
6086,我们才能感受到自己有多渺小
6087,也只有在研究宇宙的时候
6113,但我就是希望可以一辈子不用活在条条框框里
6114,我可以一辈子过着无拘无束的人生
6115,我希望我可以一辈子都过得和别人不一样
6118,现在不是都说什么有趣的灵魂
6119,万里挑一吗
6122,没有
6123,我觉得特别有意思
6124,真的
6125,我觉得你有思想有勇气
6126,阿姨要是能有你这一半就好了
6130,你肯定是个特别好的妈妈
6131,杨杨平时在家里边是不是就特别开心
6132,特别自由
6665,你看方一凡跳的才好
6666,那现在在网上特别红
6667,叫什么舞
6773,那行
6774,吃完饭以后我去送你
6854,是 我们家杨杨就喜欢研究汽车
6855,是我看出来了
6856,开学那天我看见他吧 穿了一个赛车服
6867,你要说成熟
6868,我觉得英子是真是成熟 特别好
6869,这孩子 您教育的可真好
6876,比我们家杨杨不知道强多少倍
6877,我老跟老季讲
6878,羡慕您
6879,我们要是能有这么个女儿就好了
6885,结果一了解是英子
6886,你看咱们这又成了邻居了
6887,是挺有缘分的
6888,他跟杨杨以前还是两年的同学
6891,所以我就特别的关注他
6906,可以
6907,当然可以
6913,客气了
6998,现在特别火的一个网红面包
6999,你尝尝
7000,好好
7001,你们小朋友一天一个新花样
7002,这怎么吃
7003,就直接咬着吃
7008,我尝尝
7009,好吃
7011,你们这些小朋友净发明这些新鲜玩意
7012,一天一个样的
7013,您 干纸巾擦不干净
7014,我就湿纸巾帮您擦 来
7016,是吧 季杨杨平时不跟您说这些吗
7058,我就希望
7059,如果有一天我可以像他一样站在太空看地球
7128,继续吃
7143,我也刚回来
7150,去他们家干嘛
7153,就刘静阿姨
7154,想感谢我
7155,谢什么
7156,我不是给
7157,季杨杨送卷子去了
7158,他在学校管我要来的
7159,想看一下解题步骤什么的
7160,你喝点水
7161,然后刘静阿姨就送我出门了
7174,行
7175,你先去写作业
7176,好不好
7178,做好了叫你 怎么了
7182,你有什么特别想吃的东西吗
7183,您做什么我都爱吃
7185,做好以后 吃完饭以后 再给你看
7477,行 以后多蒸煮
7478,少煎炸 少吃点油
7479,对身体好
7480,好勒
7847,你再喝点来
7865,去
7873,对
7875,对
7945,你别看妈妈平时对你挺严格的
7946,其实妈妈还是最爱你的
7947,我都知道
7959,当然了
7960,这世界上妈妈最爱你了
7961,你可是妈妈的一切
7963,那还用说嘛
7964,我宝贝的要求我全力以赴的也得支持
7965,当然了也得是合理要求
7966,完不成的妈妈也做不到
7970,你的理想
7971,你的梦想
7972,妈妈永远是支持的
8274,五官长得好看
8275,最关键的 他有悟性
8276,你知道我小的时候我经常拍挂历上饼干桶
8278,所以他考上几率大一些
8545,蒜油他们是拿椰子油做的很健康
8546,拿面包蘸着吃才好吃
8547,来试试
8679,为什么 说
8680,怕什么说说 我保证不生气
8681,保证
8682,好不好
8723,吃完了我还说带你去试一下那条裙子
8724,你还真是很少穿裙子
8725,现在整天穿校服
8726,像个小男孩似的可不行
8727,粉颜色喜欢吗还
8728,我看紫色的 我觉得还行
8752,这个就是爸爸当年上高三的时候学习方法笔记
8753,你看看
8764,今天咱们俩聊聊
8765,爸爸找这个本子的时候
8766,就想起爸爸当年高考的时候的很多事
8775,爸爸当年能考上大学
8776,那是幸运的
8777,当然也不全都是幸运的
8778,也是爸爸努力和实力的体现
8779,对吧
8780,对
8781,你说当年考大学那么难
8782,爸爸为什么能够脱颖而出呢
8783,爸爸就是有很好的学习方法
8784,你看 上半本是爸爸第一年高考的时候总结的经验
8785,后半本这个时候就是第二年参加高考的时候
8786,搞的学习体会 犯过的错误就不能再犯了
8790,当然了
9185,要不然
9444,傻子
9445,什么叫你绝对不会出国
9745,不是张亮忠，你真行，你
9759,我不怕缺德
9760,不是不是你说你说，我听着怎么缺德
9847,那倒是，我们家琴琴真的是我最大的安慰
9874,我记得你那天哪天，想把方圆他爸那房子就挪到离你们近点
9875,你看我们家那房子怎么样
9876,你要真是觉得行
9877,咱们就商量商量
9878,你说呢
9920,我说你
9921,你就大胆的往前走
9922,那个每天想吃点什么喝点什么
9923,需要什么就跟我说
9924,必须把你娘俩
9925,伺候得踏踏实实得
9926,踏踏实实的
10256,搞定
10684,与时接进看我告诉你要不跟我走
10685,我就把你刚才勾搭那小医生的那些事
10686,我全告诉你媳妇行不行
10813,怎么样
11336,不是，这是我给你买的
11337,是我给你的礼物跟你妈没关系
11530,你这是不想让你老爸知道你这分数
11531,拿我糊弄事的
11635,一个星期就变那么大了
12660,我跟你说我小时候比我姐漂聪学习还好
12674,是吧
12675,当然
12701,我打听一下
12702,为什么出什么事儿
12826,姐你看要不我们家老金你给安排你给你打个下手什么的
12827,我跟你说他现在可要求上进了
12828,真的
12830,想
12839,我觉得要是安排职务太低了
12840,不是也给你丢脸吗
12841,是不是
13285,别的咱不吹
13286,你要说论酒量
13287,我说第二我看
13288,看谁敢说第一
13289,今儿我让你好好见识见识
13290,咱们必须他一举拿下
13963,我告诉你出了国哈佛耶鲁的文凭随便拿
13964,到时候留下想回来
13965,回来把简历往中华英才网上一放
13966,世界500强马上就来找你
13967,净给自己的就是不思进取
14688,我爱你
14689,妈妈非常非常爱
14755,所以你说小宇孩子多可爱
14756,这个年纪正是青春期
14757,往后你还真得多照顾他的情绪
14758,特别是现在生了老二以后
14759,以后张总可是任重而道远
16766,谁呀
16768,你这有意思吗
16859,不用客气
16860,这个配比很科学
16861,能满足每天所需的营养
17546,你把地址给我吧
17710,嘿嘿
17711,你这个人可真行啊
17712,真是让我开眼
17714,你还是走吧
17715,我是不会跟一个失约的人在一起谈合作的
18605,我为什么要这么做呀
19057,那我可是行家啊
19058,我最近又发现一款新彩票
19059,怎么着
19060,你要是愿意我带你入入门
19061,戒了
19067,彩票还不科学
19070,那我听听 你现在搞什么别的呢
19905,怎么样
19906,有消息了吗
22735,当然了
22736,我理想中的婚礼就是这样的
22737,两家人在一起简简单单吃个饭
22738,把办酒席的钱拿出来去国外旅行
22779,生日快乐
22782,恭喜你升职
22789,晚上一起吃饭
22790,还有我两个好朋友
22850,你小孩几个月了
23223,谢谢你 阿姨
23465,庆祝一下
23884,那是值得庆祝 拿吧
23915,真是女大十八变越好看
23933,谁能承想你长成这样
24041,您是给女朋友买的吧
24045,是这样的
24046,那一款已经断货了
24047,这样我给你介绍一款别的
24196,你父母身体怎么样
24204,头发挺好
24205,你不脱发吧
24715,千万别谢 再说了
24716,我也没帮你什么忙
24717,你能陪我去帮了挺大的忙了
24861,什么你妈我妈的
24867,我去换件衣服
24970,你不知道吧
24971,处处是八卦
24972,遍地是奸情
24997,搞定
25022,那快吃
25023,我记得上大学那会儿咱们
25024,老吃
25025,后来好久都没吃了
25030,我天天给你买
25031,好吃吗
25033,小北
25034,以后咱们俩一根绳上的蚂蚱
25035,我的责任就是
25036,宠着你
25037,哄着你
25038,惯着你
25039,是吗
25269,你不知道爱情的力量
25274,随便去哪
25275,你在这我不好意思找他聊天
25277,我出什么院
25278,这儿有我喜欢的男生
25279,我待会打石膏去
25438,我们家成成连婚都没结
25439,以后你们可以管他叫准爸
25454,我决定用实际行动征服他
25455,用一个星期的时间化同情为爱情
25481,你不懂这种传统男人最优秀了
25482,而且很稀有
25483,比熊猫还稀有
25490,他一会还来吗
25523,我坐这合适吗
25545,尤其是医生对病人真的是太好了
25549,好好你快回来
25551,我来还你的书
25556,谢谢
25558,还行好多了
25560,一个人太闷了
25561,找个人说说话
25563,不是
25564,不是不是
25567,我最近有点情感的困扰
25568,想跟你聊聊
25583,你谈过几次恋爱
25584,是不是问的太多了
25653,你要是有什么需要就给我打电话
25654,肯定比特快专递都快
25660,我是谁
25689,老黄
25702,那是 你也不看是谁一手调教的
25712,我调教的人我放心
25794,你不是一直把我当男的看吗
25795,吗
25828,你快跟我说说
25829,你都是怎么对成医生展开攻势的
25830,可高级了
25831,我跟他借书来着
25839,钱钟书老先生很了解我
25907,我那剧本好像通过了
25911,我假装是你助理
25912,你放心不到关键时刻我肯定不张嘴说话
25994,别动 我来 你别动
25997,你就去看电视
25998,今天晚上乖乖的坐在那看电视
25999,你今天怎么了
26000,一条龙服务包你满意
26193,我很正经
26195,有
26196,我要是没有你这
26279,好 这事我擅长 说
26324,再坏的都已经经历了
26325,都已经跌到谷底了
26326,还能差到哪去
26333,王媛 王媛
26334,你怎么来了
26335,你一个人我顺便我看看
26366,打包带走
26384,肯定是你追的
26426,羽墨你好
26669,可太好了
26679,你收我当徒弟好不好
26711,怎么了
26712,唉声叹气的
26733,阿姨你
26734,不但会功夫还会英语呢
26735,你真厉害
26748,对 我不说 我保证不说
26755,没有 可好了
26804,表现得可好了
26805,老师都表扬我
26806,你今天画什么了
26807,我今天画的是我们一家人
26808,我画的有爸爸妈妈
26809,还有我
26810,真棒
26813,真的吗
26822,妈妈穿米老鼠的最漂亮了
26854,还好最近我有更重要的事
26855,什么事情
26859,闭关呢
26869,因为我觉得成晓峰可能会喜欢我淑女的样子
26936,都穿上了
26937,就买了一套
26974,快来尝一尝我亲手为你煲的汤
26976,赶快尝一尝
26977,尝尝快尝尝
26978,好不好喝
26980,你别停
26981,你接着喝 汤凉就不好
26982,好喝了
26983,你说你天天加夜班
26984,对身体多不好得补一补是吧
26986,好喝就行
27015,我也没睡懒觉习惯
27046,你知道我笑什么吗
27047,笑什么
27048,大西瓜
27049,你不能再胖了胖子
27108,幸亏你告诉她有每天跑步的习惯
27109,不然我还不知道怎么约他
27110,第一天跑步就碰上他了
27111,我们约好了每天早上一块跑步
27162,说实话我还是第一次找工作
27163,遇到不用面试的
27234,这是我名片
27238,你得叫我张总 要是做的好
27239,以后升职是不成问题的
27251,不是 你多少斤
27252,说实话
27301,行
27311,你笑什么到底什么事那么神神秘秘的
27312,我给你带来一个好消息
27313,什么好消息
27314,我帮你找了一个工作
27315,特别适合你
27316,而且我跟那边联系了
27317,只要你后天拿上简历过去 肯定行
27388,他就那样 多动症
27409,看他表情了没
27430,挺好的
27446,我觉得胖子现在全身心全扑你身上了
27447,可怜的胖子
27448,胖子
27494,这可是你说的我记住了
27495,这么快就不受伤了
27514,女孩子就是那么爱面子
27516,我知道 我就是你要等的那个人
27517,送给你
27519,两情要是相悦
27520,为什么要饱受思念之苦
27521,文静
27522,我答应你
27523,从今天开始我再也不会让你离开我
27525,我就是要向你求婚
27527,文静
27528,我爱你
27529,嫁给我
27571,我先走了
27596,我约好告诉你
27597,好
27619,你今天约我出来就是为了讨伐我
27625,就这个
27631,听你的
27675,好
27676,我都好久没得吃过家乡菜了
27678,不用你动手
27679,我来做
27680,我让你尝尝我的手艺
27682,这还差不多
27695,我前两天办了个美容卡
27696,我一直在做美容
27697,我觉得
27698,皮肤最近特别好
27699,你给我看看怎么样
27787,妈
27789,没得啥子事了
27790,都是小毛病
27791,可能要住几天院
27810,早上好
27812,是吗
27813,祝你一路平安
27821,多不好意思
27823,行等你回来
27882,这么高兴 还不让看
27883,秘密邮件 你吃饭了没
27923,阿姨
27924,要不咱俩说条件
27926,你要是把饭吃了
27927,明天我也给你买个平板电脑
27928,你也能想看什么就看什么
27929,好不好
27931,赶紧吃饭
27932,好吧
28045,谢谢啊
28046,瞎客气啥呀
28050,就你懂我
28051,讨厌
28128,甜甜最爱吃面包一样
28129,所以这种树就叫猴面包树
28143,小唐唐
28147,真不错
28148,当上医生了
28161,下班以后咱俩去吃个饭我请客
28163,你说什么
28166,刚交个女朋友特别黏人
28167,晚上还得回去陪他
28168,终于找女朋友了
28170,别人介绍的
28171,挺投缘的
28172,恭喜你
28173,好好处
28241,你今天生日
28245,这样我给你庆祝生日
28247,生日快乐
28300,噔噔瞪
28301,给你拿瓶酒
28302,这么多菜
28303,我知道你要喝马天尼起泡酒
28304,顺便给你买了一瓶 红烧鱼
28328,如果你不介意的话
28329,咱们就在家吃
28330,你看我做了这么多的菜
28331,一会他醒了让他走
28332,我不介意 这么多菜不吃才可惜来
28334,对来你尝尝
28335,好
28336,好吃吗
28337,辣子鸡 地道 味绝了
28338,这鱼也应该挺好
28339,凉了吧
28340,没事
28449,万婕 你好
28450,我是王媛
28518,我先走了
28554,太好了
28582,那真是太好了
28583,我就怕你瞧不起我
28584,听你这么说
28585,我心里真是放了一块石头
28586,不说这个了
28587,我请你吃宵夜去吧
28596,姐姐你放心
28597,我要真有那一天
28598,第一个感谢的人就是你
28599,我不打扰了
28600,我先走了
28942,阿姨好
28943,你好
28944,坐
28945,谢谢阿姨
28946,我是王媛的朋友
28947,听说您身体不舒服
28948,过来看看您怎么样好点了吗
28949,在这还适应
28950,还好
28951,就是天天打针
28952,心烦
28953,你跟我们王媛
28954,是啥子关系
28955,我们认识好多年了
28956,老朋友了
28957,你干啥子工作
28960,阿姨 我不是大老板
28964,她们两个出去吃饭去了
28966,朋友
28967,女朋友
28973,不好意思
28976,别客气
28977,阿姨
28987,媛媛 回来了
28989,彭总 人家来看我 他是你朋友
29094,我就是要对你负责任
29095,你为了我把婚都离了
29104,那当然了
29105,不然你为了谁
29155,彭总来了 来 快坐
29156,都能下床了
29157,快坐
29160,小彭这小彭
29162,身体还好还能吃得下
29163,就是这里
29168,不用
29169,我这里不舒服
29178,我都那么大岁数了好不好
29179,就那个样子了
29180,你们不一样的
29181,你们还那么年轻
29182,要多考虑自己的事
29183,不要一天到晚都忙到工作应酬
29196,让你多吃点嘛
29208,胖子 你认识彭总不
29211,彭总那个人真的是很不错
29212,年轻有为
29213,事业有成
29214,跟我们媛媛真的很般配
29215,昨天中午彭总 你看我这个记性
29216,他喊我叫他小彭
29217,昨天小彭跟媛媛出去吃饭去了
29219,要是媛媛能够嫁给小彭
29220,我真的就很心安了
29221,而且他还可以给我们王义在城里头安排一份工作
29222,你看小彭开那么大的公司
29223,要是安排一个人是不是一句话的事吗
29301,哎哟
29431,你这有车不开
29432,每天陪我走路上班
29433,快走烦了吧
29434,一点都不烦
29437,你有没有想过未来是什么样子
29438,没有
29450,怎么样
29451,环境不错
29452,以后常来
29462,给你准备的水果
29463,来
29464,坐下
29466,吃一口
29511,老江 这回玩的怎么样呢
29519,姜还是老姜辣
29520,聪明睿智帅不帅
29521,帅不帅
29561,起了
29562,叫小七
29563,小七
29564,走吧
29565,小七
29567,吃饭了啊
29568,来
29569,小七
29570,李理. 咱俩认识多长时间了
29572,得有七八年了
29603,没有
29604,比起那天在我们家 这哪
29605,哪算吓人
29634,反正你现在也没人要了
29635,我就先接手过来
29636,我先照顾一段时间
29637,我就当扶贫了
29638,照顾你要觉得好就继续
29639,你要觉得不好
29640,你愿意跟谁 跟我也没关系
29643,这样
29653,能耐哪去了
29654,那天在我们家脱得给我吓坏了
29686,行啊你 二十四孝女婿
29733,没有
29734,你可不能听信什么谣言
29776,我跟李理在一起了
29777,怎么了
29778,这不是模仿你的做事风格吗
29779,先斩后奏
29781,那是什么事
29818,那提李理 说说怎么突然跟他好
29820,怎么对你好了
29829,谁说不提他的
29887,你有情绪就冲我发
29889,那就得了
29948,你尽管开口我尽量做到
29949,不帮倒忙好吗
29955,老婆
29963,现在看来我的想法太简单了
30039,别生气
30065,咱两出去庆祝一下
30066,咱们两个人一人一杯奶茶
30067,再来一盒甜甜圈怎么样
30069,好
30070,你吃
30071,你吃吧莹莹
30113,你说咱们邻居是干什么
30114,那件衣服看着很普通
30115,可是穿她身上
30116,好看死了
30121,不过能送这么好的巧克力
30122,别的东西肯定也便宜不了
30130,不过我看到小曲那么热情的跟咱打招呼
30131,我顿时就不生气了
30132,再说了还有这么好吃的巧克力
30133,再来一个
30137,把这些照片摆出来
30138,这张不错
30157,有志气
30228,谁赢了
30229,当然是我了
30230,我这么舍得下本钱
30231,再加上我妈在旁边煽风
30232,我爸不可能不买账 过不了三天 他肯定给我个老总当
30245,把地址发给我
30246,晚上我们见
30251,穿你上次十点在唯品会抢的那件衣服
30252,那件
30253,是这件吗
30254,高端大气上档次
30255,低调奢华有内涵
30256,bingo
30257,姐姐我要换衣服了
30387,樊姐
30388,你真好
30407,怎么样樊姐 我这身 好看吗
30408,好看 再配一条夸张点的项链应该会更好看
30488,他没车
30489,而且我觉得我们俩坐地铁挺好的
30490,我们俩可以近距离接触一下吗
30497,我就是这样
30498,我就觉得
30570,双美同乘
30571,男人征服欲爆棚
30572,你看你旁边那辆车已经跟了我们三个红绿灯了
30573,他们想干嘛
30574,很简单
30575,他们想证实虽然车没有你好
30576,但是他们技术过硬
30577,压了咱们一路
30578,寻求合适的时机
30579,看看能不能勾搭上
30588,我觉得你也是个很有趣的人
30592,要不是今天晚上这几只兴奋的猫
30593,我都快不记得这世界上有荷尔蒙这种东西了
30601,网友
30627,说实话是不是在暗恋呢
30634,我跟你开玩笑干嘛那么紧张
30635,既然大家都在上海
30636,为什么不找个时间见个面吃个饭呢
30681,去看电影了
30683,看完电影去K歌
30684,然后呢
30685,然后就吃宵夜了
30686,这个白主管今天是大出血了呀
30687,还好吧
30688,我们俩都是团购的
30689,电影是团购的
30690,K歌也是团购的
30691,对了
30692,K歌包房里还送小蛋糕
30693,下次
30694,我带你去 性价比特别高
30724,我这得赶紧把这咖啡准备好了
30725,还有纸和笔记本
30737,你不承认我也要谢谢你
30738,等我把这里忙完了
30739,请你去吃早餐
30764,等我的好消息
30781,但是现在很多奉子成婚
30826,有什么不合适的
30827,他们人都特别好
30836,反正你一会见了你就都知道他们
30838,早啊
30839,小蚯蚓
30840,关关
30877,比如说你看
30878,那儿有堆垃圾
30879,你需要把垃圾倒一下
30942,还有就是离你公司一定要近
30978,最主要是尝试联系你
30979,真的
30980,很让我惊喜
30981,多个同学来上海
30982,我也很高兴
31044,还行才排了半个多小时
31045,你高兴就好
31046,不生气了
31047,看你表现
31048,还是看我表现
31067,网友
31068,怕自己中文退化
31069,在论坛练笔认识的
31115,怎么
31116,跟你想象的不一样
31117,像一个混网络的怪叔叔
31120,2D 3D版总有区别 习惯了就好
31121,现在有一点熟悉的感觉
31122,那就好
31141,是挺荤的
31278,怎么会
31279,我一会要上插花课正准备出门
31285,老同学说话
31286,没空也得有空
31296,拜拜
31353,找不着
31354,随时打电话给我
31355,我就是你的GPS
31421,喝了这个就能变漂亮了是吧
31436,真的吗
31437,那是我老板的车 被我抢过来了
31438,我们认识10年了
31439,我记得我从博士毕业之后就跟他在一起工作
31440,他是个处理复杂关系的天才
31454,我很开心
31484,你安慰人的方式很特别
31485,恰恰相反
31486,我不认为你需要安慰
31487,呵呵
31504,但是他这事干的爽
31505,仗义
31506,姑娘们要都像他这样的话
31507,这世界上的猥琐男至少少一半
31508,我帮纯粹对事不对人
31556,这就是你上次说的流浪猫
31557,对啊 这个是你上次说的大白猫
31558,他叫白粉丝
31559,这个黑的是黑猫警长
31560,这曲小五 这曲二妞
31561,曲家原来人家这么兴旺
31562,上次你说的时候我还以为你骗我
31620,也不算是约会
31621,我那个同学又来上海 说要晚上
31622,约我一起聚聚
31623,樊姐 我觉得那个人挺喜欢你的
31624,上次你们一起吃饭的时候
31625,他眼睛就没离开过你
31626,我觉得你可以考虑 总比那些只看条件的强
31680,有时候听你说话真的挺好玩的
31700,我相信一定把你的狗尾巴草包装的独一无二了
31705,Andy我爱你
31711,高
31722,怎么样
31723,还可口吧
31724,这儿的菜还真好吃
31741,爽快
31745,注册公司
31746,注册公司
31750,好
31757,我明白了
31817,当老板的无以回报
31818,所以只好舍命陪君子了
31961,然后他们就把我拉到了一个同学会的群里面有特别多的人
31962,然后我就想看看大家都聊什么
31963,聊得那么高兴
31964,然后我就翻聊天记录
31965,我翻着翻着我就睡晚了
31966,樊小妹之前教过
31967,我一个俚语
31968,没事
31969,开个同学会 拆散一对是一对 是这样吗
31970,读书的时候有没有喜欢的人
31999,什么时候吃饭
32000,饿了
32006,好
32007,小王啊
32008,小关
32009,小关 怎么了
32010,不认识了
32011,当年在文学社我还做过你们社长
32012,我怎么可能不认识林师兄
32013,我还怕师兄忘了我
32014,怎么会呢
32015,你看 就在前面 走吧
32016,你说你也太不够意思了
32017,要不是听你们班的人说起来
32018,我还不知道你也在上海
32019,听说你进华鑫证券了
32020,厉害
32021,我有个朋友考了好多证
32022,最后都没能进的去
32027,林师兄啊
32029,这有什么 小姑娘不会喝酒很正常
32035,果然是个好姑娘
32037,当然是在夸你了
32038,我怎么会损你呢
32042,还是你这样的好
32043,乖乖巧巧的
32044,一点也不麻烦
32054,好
32060,怎么样好吃吗
32061,好吃
32115,我爸已经走了 回家了
32116,那什么
32117,这些书还有盘全是我爸给我买的
32118,都是我鼓励我学习上进的
32119,你看 这本书 做最好的自己
32120,我没看之前我真的什么都不懂
32121,看完以后我觉得我自己干劲特别大
32277,我已经正式和GI方面达成了合作协议
32278,刚把史密斯先生一行人送走
32279,随着他们的离境
32280,GI项目将正式翻开新的篇章
32294,打算给多少
32295,这样 筱绡
32296,咱换辆车行不行
32297,200万以内的你随便挑
32302,行没问题
32303,筱绡 爸爸再去给你订一桌你最爱吃的鲍鱼
32304,晚上跟你妈吃个饭
32305,晚上我才不跟你们吃饭
32306,我要答谢恩公
32309,恩公 就是那天打电话指点你的那位高人
32310,要不请你那位恩公一起吃个饭
32311,我们全家人来感谢他
32312,才不 人家是大美女
32313,不能让你看见
32314,好好 你忙
32315,你忙 筱绡 我和你妈随时等候接见
32318,就这样
32319,筱绡姐
32320,你跟我们安总是朋友
32321,想打听我跟安总的关系啊
32333,这有什么好奇怪的
32334,他那是在跟我说话帮我忙
32335,你说说 他对我这么好
32336,为了帮我连工作都顾不上了
32337,这能是普通的关系吗
32338,我说难怪呢 筱绡姐
32339,我帮你倒杯水去
32340,筱绡姐
32346,一个特别能闹腾的邻居
32350,一进门就崴了脚
32351,所以我让小王送他去医院了
32352,那是挺逗的
32356,要是是别人我不知道
32357,但是曲筱绡不用担心
32358,你没见过他
32359,古灵精怪的
32360,只有他欺负别人的时候
32361,从来都没有别人欺负他的时候
32362,而且他也不会小肚鸡肠
32365,不错
32366,是跟以前有点不一样了
32368,有朋友了
32369,不像你在美国的时候连个说话的人都没有
32380,要我说你就应该住在欢乐颂那个地方
32381,多认识一些人
32382,才会发现生活除了工作以外还有很多重要的事情
32412,没有了
32414,我走了
32415,怎么
32416,想给医生打电话
32421,所以我一定要忍住
32422,把他的好奇心吊到最高点再下手
32423,好不容易遇到个这么喜欢的 一击
32424,而中才是我的性格
32438,真是个小滑头
32446,你说为什么你追赵医生
32447,我一点都不觉得猥琐
32450,那是因为我知道自己要什么 不要什么 什么担得起
32451,什么担不起
32452,拿得起放得下
32453,Andy不瞒你说
32454,要是你有喜欢的人
32455,拿过来
32456,我给你过眼
32457,合不合格
32458,我一眼给你下定论
32459,有没有啊
32462,Ok. 
32515,我带你去个好玩的地方
32533,欢乐颂小区
32534,到了打我电话
32538,你还真是童心未泯
32539,不过这个地方做的还真的挺逼真的
32540,对啊
32541,这儿见证了地球46亿年的变迁
32542,还有好多奇观呢 前面还有一个地震体验区
32543,敢吗
32544,Sorry
32545,敢吗
32546,你觉得我像不敢的人吗
32549,故弄玄虚
32559,那边好多游戏
32560,你行吗
32562,要比赛的
32563,没问题
32572,不错
32574,你太棒了
32575,一点点
32576,再来一次
32577,没关系
32578,你看
32579,赵医生资料
32580,本地人不是凤凰男
32581,加分
32582,未婚加分
32624,樊姐 你看我穿这身怎么样
32626,不过呢
32627,得把这上面这几颗扣子给解开
32636,当然 姐姐我眼光这么高
32637,难道碰到一个这么喜欢的人 容易嘛我
32699,小关
32700,怎么样
32701,回家的东西都收拾好了吗
32717,到哪了
32736,你别着急
32740,喂小美
32741,我到了
32742,你到了
32743,1804
32744,知道了
32745,马上上来
32746,柏川
32747,在上海有几个咱们高中的一些校友
32748,我们有空的时候会聚一聚
32749,你看哪天有空我约他们一起去聚
32756,再说我怕你应酬多嫌麻烦
32761,小美如果可能的话
32762,我希望最近多多和你在一起
32763,一会我自己打车回去
32764,你累了一天了
32765,早点回去休息
32769,对了
32770,明天是周末
32771,我明天一早去接你
32774,明天我和闺蜜有差茶叙
32775,后天
32776,后天
32777,我有陶艺课
32791,小美
32792,又怎么了
32793,我给你买了一个包
32794,你说这段时间我老麻烦你 实在不好意思
32795,希望包
32796,你能喜欢
32799,犒劳我的
32800,下不为例
32801,你这个人
32802,很配你的
32803,干嘛这样真是
32804,太客气了
32805,行了
32806,你回去
32807,每次都是你送我
32808,这次我送你
32809,好
32810,Bye bye
32811,拜拜
32888,知道了妈妈
32889,拜拜妈妈
32890,我知道你是谁你是在功夫里面包租婆
32892,这个包是王帅哥送你的
32893,这可是BV的包 一个包一两万
32894,看来王帅哥是真的喜欢你 樊姐
32895,樊姐
32896,我觉得王帅哥他是真心喜欢你
32897,为什么 听我跟你分析啊
32898,第一他追你追的很殷勤
32899,他给你买这么贵的包
32900,你俩还是青梅竹马
32901,俊男美女 在上海重逢了
32902,勾起了无限美好回忆
32903,你这简直是韩剧里面的男女主角
32906,我这个同学也就是因为好久不见了
32907,被我勾起了那些旧情愫
32914,反正在我心里我觉得樊姐是最好的
32917,给你看
32936,我觉得那个都没事的
32937,樊姐 你主要是帮我看看
32938,你觉得哪个公司比较有前途
32939,我想进小关那种公司
32940,工资水准高
32941,环境好
32942,工作稳定
32943,我觉得去到那种公司最起码水涨船高
32944,没准
32945,我的工资还能再高一点是吧
32959,我听樊姐的
32960,不过樊姐 你今天讲了这么多个小卷卷
32961,打扮的这么好看
32962,是不是要去跟王帅哥约会呀
32969,他现在干劲十足
32970,说是要去什么人才招聘市场试试看的
32983,樊姐你看这都是我在唯品会特卖会上买的 好看吗
32984,还有这件 
32992,我学樊姐走路
32993,樊姐走路最淑女
33006,樊姐 吃早饭没有
33007,我最喜欢美女一起吃饭了
33009,心里有鬼
33010,不说清楚
33011,我哪都不去
33012,脚伤了
33015,我回屋换双鞋去
33016,樊姐
33018,我还以为你不来了
33025,你要不要让我帮你调查一下你男朋友的底细
33026,不用
33055,好吧
33056,拿资本家的钱 替资本家做事
33060,每个周末都宅在家里
33061,无聊不无聊
33073,我们什么交情
33074,还跟我说这种话
33075,是
33076,所以更该请你吃顿饭
33077,想吃什么
33078,尽管宰我
33079,但是过了这个村就没这个店了
33080,那得好好想想
33116,特别有意思
33117,这是好事
33118,女儿只要你感兴趣
33119,爸爸提供一切条件
33120,臭爸 不要插手
33121,我说的赚钱是我自己赚钱
33122,而不是坐享其成
33141,我得牢牢记下 发个朋友圈
33143,我第 对 我今天第一天上班 我都给忘了
33144,我得早点去给同事留一个好印象
33145,我走了
33146,加油
33152,刘 刘姐 刘姐
33155,能不能再说一遍
33156,我没听清
33206,樊小妹
33236,我今天能够提前下班
33237,要不要接上小关一起吃个晚饭
33289,安迪 别客气
33290,这么大的上海
33291,我们能住邻居
33292,这就是缘分
33299,作为朋友
33300,我不可能看别人欺负
33304,喂
33305,筱绡
33309,这都不知道
33310,网上都传开了
33342,搞得这么漂亮
33343,见谁去啊
33366,女豪杰
33367,欺负你恩人的头上了
33368,怎么办
33376,当然是我了
33400,呵呵
33401,算了吧 也就是谭总不出面
33402,否则哪轮的上我来讨还公道
33403,不过这次我为了你放了赵医生
33404,鸽子损失惨重
33405,这情谊可不能忘
33406,你放心以后只要是你的事
33407,我能帮一定帮
33424,其实
33425,我还挺感谢绯闻的
33426,否则我都没有
33427,理由来看你
33441,我的一个邻居为了担心我的安全
33442,坚持要接送我
33443,还有两个邻居正在赶回来的路上
33444,准备下午的网络酣战
33445,为我正名 另一个邻居刚刚给我解决了一个大事
33446,所以我不能丢下这些好朋友不管
33449,你看我都被你拒绝的遍体鳞伤了
33450,还死皮赖脸的不是来找你吗
33451,要不
33452,咱们换一个拒绝的方法
33479,这种地方都算的这么精确
33480,看来我给自己找了一个绝无仅有的奇葩
33482,所以结论就是 我认的就是这种绝无仅有的奇葩
33483,这房子怎么样
33484,风景很好
33485,我喜欢能够看到灯火的房间
33486,不会太喧嚣
33487,也不会太寂寞
33488,从这看出去真的能看到半个上海的灯火
33489,很奢侈
33503,在那个时候我认识你的
33504,我很早就开始留意你了
33505,我记得有一回你倒版主 一篇篇檄文发出来
33506,那真是酣畅淋漓
33507,特别合我的胃口
33508,嘻嘻
33509,而且你就能在头一天不懂的知识
33510,第二天上来就懂了
33511,而且懂得头头是道
33512,能自圆其说
33513,熬夜做功课的
33514,是
33515,你真的早就留意到我了
33516,我还以为是我先留意你的
33517,我觉得你这个人不怎么说话
33518,但是说一是一句让人印象很深
33519,彼此
33539,说回我们
33540,我一直以为你是男的
33541,听说你回国又在上海
33542,所以就特别想认识 想成为好兄弟
33543,直到你扭扭捏捏不肯接我的电话
33544,我才意识到
33545,有可能是女的
33546,我们第一次见面
33547,我一见钟情
33548,你呢
33549,第一次见面
33550,差点打退堂鼓
33551,因为你这个人表面亲切风趣
33552,实则戒心很重
33553,而且
33554,长相一般
33555,要不是那一次我欠你一顿饭 加上之前对你的印象奇佳 第二次见面应该不会有
33578,我现在我就上网赶紧去学习那些视频里的东西
33587,我记得那个时候 老谭他还在美国
33588,有一天他去看我
33589,他看到我在院子里跟一只捧着花生米准备埋到地底下的松鼠对峙
33590,其实我就是这么看着他
33591,就这样一直看着他
33601,可后来我发现我的那些邻居们
33602,也没我想的那么可怕
33603,而且他们很有意思
33604,今天的事情说明你和邻居们相处得很好 你虽然特殊 但大家都能接受
33610,可是我今天发现他们真的把我当好朋友
33611,我很爱她们
33612,你看
33613,你连他们都可以接受
33614,那跟我在一起就更不用担心什么了
33624,你还不承认你喜欢我
33625,你看 在你心里我跟你那些邻居是有区别的
33626,你知道我对你的感情
33627,你处处在为我考虑
33628,甚至已经担心你走了之后我会是什么样的感受
33629,这不是爱情是什么
33631,不瞎说
33632,我知道你的问题
33633,我来告诉你答案
33634,我是成年人
33635,我承担得起任何后果
33636,我也不害怕负担责任
33637,相信我
33645,相信科学吗
33646,那就不解释了
33647,我现在要拥吻你 正常情况下
33648,假如你爱我的话
33649,你会心跳加速
33650,我很猥琐
33667,我原本以为自己毫无机会了
33668,他给我打电话我才知道
33669,我觉得你的心里并非是毫无意义的
33672,他把我从头到脚的骂了一遍
33689,我之前跟你说过
33690,卖咖啡的你忘了
33691,我现在咖啡馆的
33692,名字叫做咖咖奥咖啡馆
33693,可有情调了
33694,你以后跟朋友要想聊天的话去那就行
33695,不过离你稍微有一点远
33696,好
33700,送同事了
33701,回头你有什么好推荐给我推荐
33725,是个欧美的牌子
33726,现在可便宜了
33727,我得赶紧秒杀一个
33728,好看吗
33749,加油
33779,怎么样
33780,还不错吧
33807,不想出门他嫌麻烦
33808,而且我看好多网上成功的网站一天卖出上百件
33838,你真棒
33839,小蚯蚓
33840,祝贺你小邱
33841,樊姐就知道你肯定行
33842,加油加油
33843,用你网购的丰富经验碾压他们
33847,这就叫因祸得福
33848,知道吗
33849,看样子咖啡店比公司更适合你
33850,是的
33857,小蚯蚓么么哒
33971,我得坚强
33972,我这次我一定要努力撑过实习期
33973,我得加油
33974,我一定不被别人刷下来
34015,好的 拜拜妈妈
34030,你不是很大胆的吗
34035,我回去了我再约他 赵医生就是唐僧
34036,活的时候可以调戏
34037,死的时候可以吃肉
34038,爽 安迪 有一件事情我得跟你知会一下
34041,所以我就说我跟你认识是好朋友
34042,回头我把客户的资料跟名字发给你一份
34043,万一万一他们要是问起来了
34044,你可得给他们肯定的答复
34047,帮不帮 一句话
34105,之前的速冻饺子太过意不去了
34117,早知道是我一个人来这么好的地方享受 我应该叫上我的邻居 特别是樊小妹
34118,他最喜欢这种情调
34161,师妹
34162,你下班了吗
34163,我今天正好从你那过
34164,要不要顺路一起接着你
34174,今天正好一块给你送过去了
34179,你要是下班晚了
34180,我就在楼底下等着你
34181,正好把你一起送回家
34182,免得你一个小姑娘才提不动
34183,好吧
34197,小美
34199,我觉得你特别贴心
34200,你处处为我考虑
34201,又替我省钱
34202,而且挑这些东西又体面又实惠
34203,我真的好幸福
34270,我都想入非非很多年了
34297,安迪 我爱你 你放心 我不是蕾丝边
34402,上次提到的那个魏兄
34407,害怕你对他只是好感 或者友情
34412,看样子你并不排斥他对你的追求
34413,所以我建议你享受追求
34414,尝试发展
34441,岚岚 恐恐两口子叫着晚上去酒吧 走不走啊
34442,不去
34446,你帮忙提篮子 我也没有少你那份
34453,不错
34454,曲筱绡
34455,本来以为你说回国做生意是闹着玩的
34456,看来有模有样的
34457,你真不去
34470,幸好有赵医生的短信支持才坚持下来的
34471,我今天好多了
34472,脚也不痛了
34473,但是我觉得我还是应该来亲自谢谢你
34474,否则前阵子真的是绝望了
34516,我是开车来的
34517,你要是不嫌弃我开的是辆两厢的小破车的话
34518,让我送您
34536,赵医生
34539,每当收到你给我发的短信
34540,我都发誓一定要请你吃饭
34541,况且以你现在这个情况
34542,我坚持也坚信 你必须马上立刻现在就跟我吃饭
34544,你是不是想说你只是尽了1个医生应尽的职责
34545,如果每个病人都请你吃饭的话
34546,你就是有牛4个胃吃不过来
34547,可是赵医生 你跟牛有大大的不同
34548,牛的胃是有限的
34549,可是你却能拿手术刀给自己的胃加无数个外挂
34550,你是个神奇的医生哎
34575,酒是活血化瘀的吗
34576,我能喝吗
34578,既然已经批准了
34579,你就得看着我喝
34580,不许赖
34581,要是出了问题
34582,我可以当场赖在你头上
34583,不许拒绝
34584,不许说NO
34585,我今天就是拖
34586,也要把你拖出去吃饭
34594,比起消化食物
34595,我觉得帮你恢复心情更重要
34596,来感情深一口闷
34597,感情浅一大口
34602,我们俩的感情也不算钱了
34603,至少两大口
34604,拿着
34605,不许赖皮
34606,小曲
34607,你 真的不是上天派来拯救我的妖精
34611,对 你事妖精 我没看错
34612,被妖精盯上就是唐僧
34613,难道你姓唐名僧吗
34614,唐僧叫三藏
34615,原来你叫唐三藏啊
34622,好
34623,还好我妈疼我
34624,是亲生的
34630,只要拿下这个项目
34631,我给大家发奖金
34632,每个人奖励半个月工资
34636,虽然累得要命
34637,但至少心里舒服很多 轻松了很多 也不再那么堵得慌
34638,说吧
34639,怎么感谢我
34640,请你吃饭还不算吗
34641,不算
34642,你这是还我昨天的饭钱
34643,不够诚意
34644,那行 你说 你想要什么
34645,我想要听故事
34647,请问赵医生 采访你一下
34648,你在成为著名的赵医生之前
34649,有没有什么糗事可供大家娱乐的
34650,说嘛
34651,糗事是吧
34652,我想想
34653,还真有一件糗事
34654,什么
34655,我呢
34656,在当实习医生期间碰到了一个特别难搞的病人
34657,他仗着家里有权有势
34658,就死活赖在医院不肯走
34659,不但浪费国家资源
34660,还各种斥骂我们这些实习医生
34662,他
34663,特别爱装虚弱
34664,明明什么问题都没有
34665,他就非要花钱在医院里躺着
34666,搞得比林妹妹还林妹妹
34667,后来我们几个人一合计
34668,心想
34669,我们就将计就计
34670,你不是爱装虚弱吗
34671,行
34672,我们就不停的给他打点滴
34673,他就不停的往厕所里跑
34674,最后整个人都虚脱了
34675,后来再也没有劲跟我们闹了
34677,那怎么了
34678,医生也是人
34679,就许他们欺负我们不许我们报复回去
34680,没有这道理
34681,没错
34682,我同意 别人打我的左脸
34683,我把右脸拿上去
34684,那是傻子才干的事儿
34685,后来这个病人有没有发现他被捉弄了
34686,他没有发现 不过 我们被他的主治医生发现了
34687,集体赔礼道歉
34692,关关
34693,刚才那个豪豪
34694,怎么样
34697,妈妈是没经过
34698,你同意
34699,但
34700,眼下的当务之急最要解决的事情就是这件事情
34701,相亲怎么 相亲不是挺好的吗
34708,我看他是喜欢上你了
34724,最重要的是我有这儿的饭卡
34725,不蹭白不蹭
34732,干嘛还下次
34733,明天你不是休息吗
34734,晚上可以晚睡了
34759,如果有可能的话可以嫁到一个好
34760,人家 有房有车
34761,想想也挺开心
34774,我也想这样
34775,可是得有人配合我
34776,如果现在面前站着一个高富帅霸道总裁
34777,他向我求婚
34778,我肯定答应他
34790,可是我现在我虽然没有男朋友
34791,但是我自己管理着网店
34792,每天卖出一两件商品
34793,我还觉得挺有成就感的
34794,我也是 我原来就觉得自己可能学历不太好
34795,这工作应付不来
34796,可经过现在这几个案子下来
34797,我对自己也有信心了
34798,我还是想做一个像安迪姐那样的人
34799,靠自己要能力有能力要工作
34800,有工作 比靠谁都强
34804,这你也值得这么骄傲
34817,帅
34823,我就是搞不懂
34833,姐今天心情好
34834,免费给你上一课
34854,他一出现 什么话都不用讲
34855,我从头发丝儿到脚趾头尖都嚷嚷着想要亲他
34856,想要抱他
34858,在干嘛
34860,考虑好了没有
34861,yes or no
34862,还有两天就回来
34865,别考虑太久
34866,以我的经验
34867,有的时候考虑问题要用心
34868,不能用头脑
34869,尤其问题涉及到我 更是如此
35250,这些呢 就算是你给我爸妈的过年红包
35251,谢谢了
35252,剩下的收起来
35255,积少成多
35470,你不是
35471,跟我说吗 樊姐心情不好
35472,我想早点回来陪她
35473,你呢 你怎么这么早回来了
35474,我也是 我也担心樊姐 你这体力够好的呀
35628,没有意见
35629,我没文化
35630,我只知道我爱你
35631,爱死你了
35632,其他什么条件都没有
35669,小曲这个人不坏
35670,关键时刻也喜欢帮人
35696,但我向你保证
35697,今后我一定加倍努力地工作
35698,谁天生都不是穷命
35699,你再忍忍
35700,今年年终 我一定想办法把房子首付付了
35701,让咱们在上海有个家
35866,所以 王大哥 你真的是少有的好男人
35867,我算是服了你了
35868,你算是国家级典范
36602,当然了 我们跟其他邻居不一样
36603,关关 我最好的朋友
36604,我没钱的时候啊 可以分一块蛋糕
36605,一杯奶茶
36606,还有樊姐
36607,比我亲姐对我还好
36608,每当我遇到事的时候
36609,都是她在为我撑腰
36610,还有安迪 人美 能力强
36611,我每个月赚的钱 还不足她的一个零头
36612,但是她从来不会把自己高看一等
36613,对每个人都特别地实诚
36616,当然她吧 关键的时刻还挺仗义的
36617,需要她帮忙
36618,她都会站出来
36658,真的
36659,你最漂亮
36660,最可爱
36661,最好
37406,别紧张
37407,面对我 你永远都不需要紧张
37541,可以可以
37543,有 都有拳击教室
37544,那这样 我等一下回公司
37545,我就把三个选择都发到你的邮箱里
37546,然后你看看 你比较喜欢哪个
37547,你对比着环境啊 还有课程
37548,然后这样子咱俩再商量
38754,选择在公司并购或者融资时即提起恶意诉讼
38755,用要挟的手段迫使公司交出财物
38756,符合敲诈勒索的罪名特征
38762,就刚刚你别想套我的话
38763,我告诉你我会读心术
38764,我从你的表情里面读出了你的内心
38852,my precious possession would be the ones I hold so close
38853,如果我是你我最珍贵的财产
38854,是我能紧紧抓住的东西
38855,是我最珍贵的财产
38856,不是你最珍贵的财产
38943,他现在还不是你的客户
38986,所有律师助理能做的事情我都可以做
38996,希望您可以喜欢
38999,那个孩子是怎么回事
39074,你有亲戚吗
39075,我的意思是
39076,竞业协议
39077,其实只是对您本人有效
39078,但是对您的太太对您的父母
39079,您的兄弟都是无效的
39127,我是有职业荣誉感的
39172,是这样的
39179,是我觉得熟人之间最好不要有利益关系
39189,终于找到了我
39190,他们是在网上搜的
39191,不有人给他们推荐了10个律师
39192,他们经过了反复的斟酌
39193,最终认为我是最佳人选
39241,已经起草好了
39332,你知道你做错了什么
39440,我们的律所也绝不是这样的律所
39597,真的
39598,那我们走吧
39633,我录音一点都不非法
39634,但是您非法开除员工
39635,这的确是违反了劳动法
39717,这个戴曦到底是什么来路
40268,我从来都是提前完成的
40269,我昨天晚上
40270,出去跟栗娜重新约时间
40323,我在并购这方面
40324,法律问题我非常的了解
40325,我在这方面就是一个专家
40402,不
40403,我说的是忠贞不渝
40405,那他们就不是真爱
40406,像你跟兰红之间那就不叫真爱
40412,那么是不是就意味着这一生他不再接受其他人
40639,他要是认准了你
40647,难道这么多年你一直没放下我吗
40649,是蓝红吧
40676,您执意要告集团的股东
40678,按照利益冲突原则来讲
40679,我们不可能接受您的委托
40681,因为我们一直在接受常胜的委托
40682,想方设法说服您和王女士和解
40683,我们在做您的工作
40684,同时我们也在做王女士的工作
41031,你告诉我罗琦在哪
41032,我去说服他行吗
41085,也许他想象不到你搞
41086,不定你姐姐
41087,你更不舍得起诉他
41088,好
41089,我来做你搞不定的事情
41090,你做好准备
41564,我听说顾捷跟罗槟在闹了一场
41645,不我的意思是说公司它应该首先先检讨自己
41650,罗老师在法律上柏静红他可能可以胜诉
41651,但问题上在
41881,公平一定是具体而为的
41882,就像这份合同
41883,按照合同法是完全有效的
41984,我问心无愧
41996,只有软弱的人才需要朋友
42122,您就住多久
42123,我们绝对的支持你
42124,反正医院会把您所有的账单直接寄给栗娜
42125,也就是栗小娜
42126,您的女儿如果他拒收
42127,那么医院就可以到法院去起诉他
42128,封了他所有的银行卡
42129,不行
42130,法院就司法卖了他的房子
42227,我不同意你辞职
42228,但我同意你休假
42229,休假期间工资奖金照发
42662,你有什么问题我来帮助把你的问题解决了
42663,你帮我把这个问题解决
42664,好吧
42670,因为如果否则的话
42671,你就站在男厕所
42801,你觉得这案子能赢吗
42900,这一点超出了你的想象
42901,而现在罗槟已经做了高级合伙人
42902,如果他跟封印在一起了
42903,他们俩狼狈为奸
42904,你就更没有话语权了
42905,所以你会到我的办公室来
42906,坐在我的沙发上来拉拢我
42908,一阵见血 我不喜欢绕弯子
42909,如果一针我就能扎出血来
42910,我绝对不会浪费时间去扎第二针
42920,你认为你了解他
42921,其实你不了解任何人
42922,因为你所说的了解就是控制你想控制所有的人
42963,不客气
43430,我们至少比顾捷光明正大
43564,你反驳我
43581,你为什么讨好我
44622,我就说
44644,对
44645,我就是这么想的
44689,行
44690,但我也会去跟保安小哥哥说
44691,哥哥你精神不是很好
44692,容易控制不住自己
44693,所以千万不能让你看见
44694,而且不能让你随便进小区进入到
44826,为什么
44979,首先要想方设法找到孙浩翰所在的医院
44980,然后直接过去
44981,第二点就是要及时的掌握孙浩瀚目前的病情
44982,第三点
44983,你见过孙超越吗
45258,放心
45259,我跟光睿的关系亲如兄弟
45260,他们挖不走
45398,Yeah
45525,我说有可能去找你们经理把那封投资信给要回来的
45526,我还是有可能去说点好听
45527,的话的
45535,钻石、啤酒、巧克力
45536,这就是爱情三要素
45537,甜蜜
45538,苦涩
45539,永恒的甜蜜和苦涩
45541,你不会传说中的
45542,购物宰客的黑导游吧
45543,程先生 不是您要求的
45544,让我带您到比利时最有特色的地方吗
45545,这里就是比利时最有特色的婚戒定制店
45546,很多明星和皇室都在这里做定制
45547,绝对VIP尊贵服务不花钱的地方
45548,您不是瞧不上吗
45552,也就是绑架你们这种傻白甜没脑子的姑娘
45553,男人都以为女人看重的是钻石本身其实错了
45554,那无非看重的就是宁愿男人花光三个月的工资
45555,卖血卖肾也得为你们换来一个爱情的象征
45556,对吧
45785,决定每个月给你住房和交通补贴
45886,像您这样高经验值的是理论研究还是实战积累
46111,您说的就是这36道题
46118,有效当然是有前提的
46199,你会事先排练吗
46200,就是事先排练
46201,你想要说的话
46250,那感情呢
46284,我很贵的
46297,我开车技术很差的
46392,茄子
46393,茄子
46394,茄子
46438,心理阴暗
46439,专朝女人下手还报复社会
46440,我以前怎么没发现
46441,你看人看这么准
46442,你觉得我以后会不会报复你
46446,你不是嫌我词汇量少吗
46447,下面骂你的可精彩了
46448,没事
46449,晚上回家慢慢欣赏
46807,我还没来得及问你开的是谁的车
46809,朋友是不是个男的
46810,你想说什么呀
46811,我是不知道你北京什么时候有个朋友
46812,是刚认识的吗 这么快就可以借车给你了
46814,那人在北京
46817,你说我能琢磨什么
46818,我就琢磨着什么时候天上掉下个姑爷砸中我行不行了
46855,刚才我给您的操作流程都是最完美的
46856,你放心再过两个小时
46857,一切不适的症状全消失了
46998,我跟他说了我们俩的事
46999,说我有男朋友了
47097,什么叫诈 这叫物归原主
47116,你说这事要是捅出去
47117,堂堂赛特酒店的行政吧经理跟踪顾客
47118,蓄意追尾并且图财害命
47119,这会是什么结果
47230,还给自己搞那么文艺说辞
47231,太棒了
47232,太牛了
47233,一个月闪婚
47234,这是不是都已经破了你的职业记录了
47235,这说明哥们业务又精进了
47393,大
47394,提琴
47630,您这本事啊 我是真看见了
47899,要想说感谢的话就好好说
47900,别阴死阳活的
47921,哥
47922,您去哪啊
47926,你能不能捎我一段
47927,带我回家
47941,你是不是要领养一只
47942,选好了吗
47945,那你看他怎么样
47946,多可爱
48406,这话吧 我就给你手动点个赞
48424,我现在看好国内市场
48425,就如同您当时看好北方市场一样
48426,做金融的最重要的是要有一双慧眼
48427,如果我没记错的话
48428,这是您书里说的
48429,看来我们的谈话很不公平
48430,你对我十分了解
48431,我却对你只有这一点点
48432,我是通过了6轮考试
48433,才有机会能够坐到您的面前
48434,对我了解
48435,您
48436,您应该比我父亲对我了解的还要多
48443,希望你不要坏了我的记录
48444,放心
48445,您一定不会后悔今天这个决定的
48464,过奖
48511,但是我江焱对于你这种投怀送抱的女孩还是蛮喜欢的
48512,你是我想要的
48513,I want you
48517,你年纪轻轻想事情这么周到
48518,我也想表明一下 我跟恩熙在一起之间的观点
48553,不是早就跟你说了吗
48554,让你配一把钥匙
48555,这样多方便
48567,哟吼
48568,看来有人很浪漫
48569,一个人喝酒
48570,是在庆祝什么
48571,东华资源那么难啃的一块骨头
48572,都被你拿下来了
48573,难道不值得庆祝一下吗
48574,意料之中的事
48654,既然你是汉子
48655,你把这种精神放到别的地方好吗
48683,不过你要是能多待两周的话
48684,倒是能赶上看一出好戏
48705,这你就不懂了吧
48717,我还告诉 你明年我们俩就把事办了
48718,当然了
48719,你要能提前让我进康荣
48720,年底我就把你妹给娶了
48721,我告诉你 想讨女人欢心
48722,我送你个三字经
48724,谁骂 我说的是购物三字经
48725,最新款 限量版
48730,好的
48731,您稍等
48843,三万 哎给多点也行
48963,你跟我说实话
48964,你跟我孙女是什么关系
48967,你别糊弄我了
48968,我孙女从来没把男孩子领回过家
48969,你看她怎么样啊
48972,没错
48976,不过
48977,她那个心眼儿
48978,可 是再也没有那么善良的了
49138,我以为今天能见到你母亲还紧张了好久
49139,紧张什么
49158,其实也无妨
49159,我daddy特别看好你
49160,他还让我劝你去韩国帮他
49337,对了 上次您给我那张支票
49338,我给孩子买了很多书
49339,咱们去看看
49341,走
49373,人生的快乐不过如此
49405,我就知道你特别的正直
49407,哪有
49408,人家是关心你嘛
49415,如果我们的事情能定下来
49416,那kg也不用卖
49417,他相信你能扭转现在的局面
49441,你还跟原来一样
49501,不过你放心
49502,暂时的 等我今后有钱了
49503,我一定给你 
49523,都是些老物件
49524,人老了
49525,念旧
49532,你做的饭真好吃
49533,我觉得你今天心情特别好
49538,到底什么事情让你这么开心
49552,我们韩国人常常说
49553,女人最重要的职责就是在家相夫教子
49556,可是我最近越来越觉得其实它是真理
49558,你这么聪明
49559,你一定知道什么意思了
49596,上了就好
49606,幸亏你爸
49607,他跟我说没事的时候
49608,兜里书包里啊多放点钱
49609,以防万一
49610,那吃完饭咱们到你爸那些朋友家里去看看
49653,行
49654,我觉得这事你做的地道
49655,所以我说媳妇 找爷们就要找我这心态好的
49656,无论外面多少凄风苦雨
49657,那都不是事
49659,本来就是 不就没钱了
49660,你说咱从来没有过钱
49661,不也每天过得高高兴兴的吗
49663,咱现在是差点意思
49664,但 咱家底儿厚
49665,咱那宅子往那一杵 又跑不了
49666,你就放心
49669,对了
49670,我今天帮图书馆整理校刊
49671,读到了一篇你的采访
49684,你说你当时怎么就想出来这么接受采访
49714,妈 你今天看起来气色特别的好
49715,18岁黄花大闺女似的
49717,不疼
49718,我昨天晚上睡得挺好的
49719,那就好
49720,你看这外面空气多好
49721,以后我常抽出点时间来陪您转转
49722,我跟你爸上大学的时候也常常出来在海边散步
49723,那个海湾没有这么大
49724,可是风景也是挺好看的
49725,你现在跟你爸年轻时候一样
49726,敢说敢干什么都不怕
49727,用你们年轻人的话说
49728,在学校里都是风云人物
49836,一飞
49837,咱两可是心知肚明
49840,你知道我最喜欢你什么吗
49841,坦诚 倍儿坦诚
49842,一点不做作
49847,要不我说你眼光最毒呢
49848,选我这种低调的富豪
49855,这个事做得好
49870,你要是见了我爸
49871,你就知道我这优良血统哪来的了
49879,杨总家的party 杨小慧
49880,你见着了吗
49882,杨总的女儿 杨小惠呀
49883,见着了吗
49886,特长那个
49888,你没把人约出来单独坐一坐
49935,来人了
49945,今儿我办了一件大事
49946,江焱的论文我给他送过去了
49948,什么表情你 我有那么傻吗
49949,我给他的钱 拢共也就之前说的一半
49950,那哥们现在估计正哭着
49951,我哥看到论文 表情怎么样
49963,世态炎凉
49964,之前
49965,一口一个江伯伯的
49966,现在人家出事了就成江焱
49967,他爹了
50009,我长这么大
50010,第一次有人叫我无赖
50011,我觉得特别好听
50048,云海中的日出
50049,太震撼
50050,从那时候开始我就爱上了攀岩
50078,让奶奶过上幸福的生活
50081,什么东西
50082,明天周末青春失乐园酒吧有一个攀岩比赛
50083,我们一起去好不好
50097,不要小瞧我们 我们是上一届第一
50126,原来你是出于好心的
50148,怎么样
50149,倍儿小资吧
50151,这就是我房间 大开间多流行 宴客居住于一体
50152,怎么样
50154,你跟我住 睡这啊
50155,这么说
50156,后天你送我回韩国
50254,你知道吗 前几天我去北斗星面试
50255,那个地段
50256,地段 那个装修 简直跟我梦想中的一模一样
50257,如果我能去那儿工作
50258,听说那个公司都是承接上流社会的
50259,大型活动
50260,用不了多久
50261,就能跟商界名流搭上线儿
50262,说不定还能跟super star合张影
50281,我听你任课老师说
50282,你对数字特别敏感
50283,也有好多的高难度的金融演算题
50284,你甚至不用动笔就算的出来
50285,有时候也靠蒙
50297,不错
50311,快请坐
50312,请坐
50313,这么好看的花儿
50314,太香了
50319,在这个时候
50320,你能来 能叫我一声嫂子
50321,我已经很感谢了
50356,我给你倒水
50367,欣赏归欣赏
50368,规矩吗
50369,还是要有的
50382,这年头
50383,玩这个的可不多了
50384,谁送的
50426,潘叔叔
50427,最近怎么样
50428,潘叔 你瘦了
50429,是吗
50440,你看我也不想要什么CEO UFO
50457,我不送了
50465,骗你干嘛
50479,来一口 来一口
50483,老潘
50598,还不错
50599,自己的小天地
50600,搞的不错
50630,你的梦想是搞房地产
50670,我在
50671,好勒我这就过去好勒
50673,还记得学区房那李姐吗
50674,那么大房子买了
50675,下个月吃喝全靠他
50677,咱俩靠谱不就完了吗
52083,梅老师吧
52085,您当班主任的时候
52086,班上有一个特淘的孩子
52087,想起来了吧
52090,我是孩子家长
52091,我儿子叫丁诚
52092,你记起来了吗
52093,特淘气
52094,丁诚
52095,对对对 梅老师您这是
52097,太巧了梅老师
52098,我们当年那帮家长也聚会呢
52099,走走走过去喝两杯
52101,遇到就是缘分
52102,您还喝酒呢吧
52103,当年咱俩还一块喝多过呢
52105,你想想
52106,您忘了 对
52107,这真是择日不如撞日啊
52108,太巧了
52109,我们这帮家长
52111,梅主任
52112,不是来都来了
52113,你看这房间都离得这么近
52114,不是 不能改天 不知道啥时候 来人
52115,来人 快
52116,梅主任来了
52117,梅主任 梅主任
52144,这酒得省着点
52746,去欧洲给你老公一个惊喜
52747,我今天已经把票订了
53871,今天是咱大喜的日子
53872,领扣解开
53874,解扣子 左右边 挑一样
53875,今儿是咱们大喜的日子
54513,你叫什么呀
54514,我叫徐天
54529,你得支持我
54538,从现在到未来
54539,一直都是
54540,永远都是
54542,早就是了
54562,又是谁说的谁 
54576,到时候再等你回来
54577,这样的话还显得咱俩更熟
54579,Ok
54580,那你相信我 我一定会把伯伯哄得呀 心花怒放
54581,等你回家
54582,相信你
54779,我就是要造成这种影响 
54781,有必要啊 
54853,正好这个周末我准备奔南边去
54854,我必须得帮你哥好好地勘察勘察
55009,电影院也在三里屯
55129,关键是什么你知道吗
55130,这孩子这人
55131,真好
55132,阿姨怕你错过了 
55137,搞房地产的
55149,但是这才华他真有 真的 从小出口成章
55150,写作文永远第一名
55223,年轻人就好这
55224,那是
55225,看一眼
55226,我看看
55227,好看吗 
55230,我还没美图呢
55233,我到时候给他看看
55234,他要是同意了
55235,我就给你们约见
55243,来
55244,咱们俩再照一张
55245,咱俩照一个
55246,比耶啊 
55247,你杵我脸上了 这边脸
55248,预备齐
55249,耶
55354,还挺上心
55989,编辑也是创业呀
55990,创造心灵和思想的事业
55992,都下班了
55993,我比较敬业
56025,那还挺有缘分的
56026,你擅长什么领域啊
56027,正好我是编辑 咱俩聊聊
56078,你说得对
56079,这在陌生人面前啊
56080,没必要那么不诚实
56081,我问你啊
56082,咱们俩还算陌生人吗
56085,那你跟我说实话
56086,你来出版社是来找我的吧
56093,你不是作家吧
56095,那你没道理来这儿啊
56097,承认吧
56098,跟踪我是吧
56100,我不报警
56101,长这么大
56102,第一回有人跟踪我
56200,我给你说福子 你这个优点
56201,我打你上学那会儿我就已经充分的发现了
56202,虽然成绩不好
56203,但是你善良
56204,你跟小仙女似的
56205,再说了你干活扎实 你适合当助理
56209,不是给我当
56230,所以这事儿行也得行
56231,不行也得行
56241,合适啊
56242,您是金子在哪都会发光的
56252,你自愿让我进来的
56253,你也是自愿出去的
56254,我怎么给你下套呢
56255,要不这样
56256,如果你愿意的话
56257,咱们来聊聊
56258,毕竟我也在外面待好长时间了
56259,你要么让我达成目的
56260,要么你就在外面待一晚上
56261,你自个选
56265,这有面包和花生酱
56269,你欠我那个钱可以给你减十块
56271,我真吃了
56273,这好香
56274,我准备吃一点
56277,行
56278,我给你开门
56301,那你刚才
56348,她是你的经纪人
56349,你迟早都要见他
56361,我给他接了一狗粮广告
56439,趁火打劫 还有
56440,之前你欠我的100块钱我也得算上
56512,以前常听牛美丽说起过你的说你是个特别靠得住的孩子
56513,我把郝泽宇交给你们
56514,挺放心的
56671,但心不坏
56677,当然了 你这身膘就是我开出租开出来的
56688,人家把我给救了
56730,给你做油泼面
56732,油得后泼
56733,来
56758,是金子总会发光的
56772,不错不错
56773,你看福子也不小了吧
56774,是不是该嫁人了
56775,你嫁妆准备好了没有
56806,我牛美丽没有别的本事
56807,但是我有一双慧眼
56808,我长了一双发现的慧眼
56809,你别不信
56837,你要没有这个心思
56838,你就把她介绍给我
56840,俗话说的好
56841,肥水不流外人田
56844,反正我对他是一见钟情了
56846,你说 这忙帮不帮
56848,帮帮帮
56856,换一个得了他用过了都
56862,味儿都不一样
56876,不认识
56933,你放心
56934,等我有钱之后
56935,就这里边的衣服随便你挑
56936,你不说没我的号吗
56937,对啊
56940,让他们赶快进点大号的衣服
56967,虽然苦点累点
56968,但我有盼头
57058,我得负责到底
57059,让你爸有事冲我来
57060,你看我不练哪他
57113,说不定人家唱得也比你好
57114,她好你跟他去 乖 这次干得不错
57115,福子 我觉得你是可塑之才
57125,这就对了
57132,让他早日加入到我们创业队伍
57133,成为一名得力的干将
57141,显得我多有本事
57142,就这两天 别笑 这两天我跟你爸再去趟二手车市场
57143,去买一辆好点的车
57144,体体面面的
57145,让郝泽宇也安心
57180,这挺好的
57181,一女人在外面闯荡江湖
57182,他就得张牙舞爪
57183,不然会被别人欺负
57184,那倒是
57187,会欺负人特别好
57192,就得找一个厉害的女的替我镇着
57210,撅我不怕
57211,打是亲骂是爱
57212,撅着撅着能撅出感情
57214,现在对二手产品还真是有了改观
57223,老福 你看这奔驰标
57239,只要还有一点希望
57240,我就绝对不会放弃
57241,就没有我牛美丽不成的事
57251,你也别想词安慰我
57252,这话我也就对你说说
57260,这行真的有魔力
57261,他能让人的心就变得年轻
57262,让你吃着苦你还带着笑
57399,什么叫做冒犯
57406,那帮人我知道 你别听他们的
57407,他们就欺负你这样的老实人
57408,你昨天没喝多
57409,你就是喝完了也就睡了
57410,这呼噜打的跟放礼炮
57411,不好意思
57412,这是我送给你了
57413,车里还有
57418,厨房、洗手间、酒柜、川菜、粤菜、鲁菜都能开起来
57431,我那一大片西瓜棚都给拆了
57432,这样
57448,你不懂我懂
57449,老福也懂
57450,你看咱们都喝过酒了 以后就是哥们了
57451,有什么帮忙的义不容辞
57454,你 还用得着我养
57455,你说你从小到大 除了家具什么没吃过
57456,冬天的白菜帮
57457,夏天的西瓜皮 只要能咽得下去的
57458,甭管好赖全往嘴里塞
57462,那上面的榆钱 年年刚冒芽的时候就 让人给薅秃噜
57463,这你干的吧
57465,你告诉我刚才我哪句话夸张了
57472,你女儿亲自出马把这事办成了
57497,我留300 多余的给你 你给郝泽宇买点吃的
57552,来再加点
57569,我牛美丽的东西能有差的吗
57587,因为你刚才告诉我了
57588,你说这酒金贵 对什么温度湿度都有要求
57592,我可以找你拿到时候你正好可以教教我怎么喝酒
57593,告诉我什么样的味道才是好味道
57594,那行
57595,你就是先搁我这
57596,今儿你就先拿走一瓶
57597,拿了啊
57598,就它了
57626,有编号30
57627,懂什么意思吗
57628,说明这瓶酒是这个世界上的第30瓶
57633,他愿意卖我愿意买
57637,所以这杯酒咱俩喝
57638,你也教教我怎么品酒
57664,我这么招人烦
57665,阎王是不会收我的
57667,我错了
57684,我得想办法赚钱养你们
57685,那什么 等我出院了
57686,咱们俩接着吃去
57693,美丽
57694,你在不在公司
57695,我想去你那拿瓶酒可以吗
57827,你是主角好吗
57982,好吃吗
57987,我就想跟他一样敬业
57988,您不是回家过年去了吗
58017,谢谢您
58022,您醒醒现在是和平年代
58034,我们本地人也请您吃个年夜饭
58035,新的一年祝我们都好好的我 祝我带你们发家致富过上好日子
58036,有自家人陪着
58037,这就是好日子
58038,最好的日子不靠钱
58039,要我说 你今年赶紧好好谈场恋爱
58040,把自个嫁出去
58042,"看看我 我还一少女
 我嫁什么嫁"
58100,你现在不想让人知道了
58101,你瞒得挺好
58102,我要是不追你的话
58103,你现在应该已经到家了
58104,我凭什么帮你
58183,不愧是我男朋友
58352,要不
58353,你多挣点钱
58354,买个礼物送给他
58355,怎么样
58356,你考虑一下
58392,哪怕是你的恋人
58393,明天早点来
58552,谁的话怎么有力量
58558,但是我确定留在上海一定是正确的决定
58585,Ok
58791,没关系
58863,我的英语进步还是很大的
58908,有什么不懂的
58909,现在可以问我
58923,你还笑我
58924,你还笑我
59095,还在奋斗阶段
59417,这样可不行
59418,我跟你讲
59419,只有头顶上有梧桐树的地方才是上海
59599,你说的这些我从来都没有想过
59600,也不敢想
59601,你敢要我的电话我觉得你敢
59603,这么神秘带我去哪儿
59648,那我今天晚上下厨好不好
59714,绝对靠谱
59715,昨天刚拿下的执照
59724,我敢保证你把招聘海报一贴出去
59725,明天那些毕业生就统统回校
59793,我告诉你礼物是拿下张盛最重要的核武器
59794,你知道吗
59796,但是这个是他的最爱
59859,怎么样 站在这里
59860,有没有一种把全上海都踩在脚下的感觉
59862,打破旧世界
59863,征服全上海
59864,建立上海的新格局
59869,你看看我在办公室怎么样
59870,起点够高
59874,再说我这么做也是为了开辟我们风华的新领域
59875,就算他知道他也应该要感谢我
59876,我们马上建立新公司
59877,然后招聘人员到时候一起把关
59879,我跟你说我这公司的CEO非你莫属
59884,我22岁就当董事长
59885,我们的目标很简单
59887,第二年直接纳斯达克
59890,到时候我给你配一台世界上最牛的电脑摆在这里
59891,你就坐在这个位置上专心搞你的研发
59896,这上顶着天 下
59897,踩着云
59898,这是补气养神的好场所
59899,你退下去
59900,我就知道你喜欢
59955,你今天的表现非常出色
59956,期待着你在复试的时候有更加亮眼的表现
60000,我再陪你打一会 免费的
60001,真的
60002,我倒还行
60003,你不有事吗
60004,没事了
60005,来吧没问题
60006,来
60179,我必须要完成
60228,遵守制度
60230,尊重公司
60232,尊重领导
60237,你不用跟我说明白
60238,我们今天在这不管待到几点
60239,哪怕是到天亮
60240,我都一定要完成任务
60241,所以要不然你配合我
60242,要不然咱们就在这干耗着
60264,应该是可以克服的
60269,我跟你一块儿
60277,起来蹲下
60278,起来
60290,你竟然还没叫我
60308,等那些对勾画满了
60309,咱们也就熬出头了
60310,好主意
60363,我什么时候说我喜欢他的
60364,我从你的表情里已经看到你特别喜欢他
60365,我没有
60367,我没有 我不喜欢他
60376,to be or not to be 是我开始护花的时候了
60415,张盛肯定不买他的账了
60522,你体验 咱俩弄一个最强组合
60523,你说怎么样
60524,你帮我想想 做好了奖金1万块
60579,那秘籍呢
60609,格格 有没有觉得我今天这个造型有点拽
60610,有点酷 有点帅
60624,格格 其实我想跟你说
60628,我们重新开始
60629,重新开始
60630,格格 我有些心里话藏在心里面很久了
60631,今天我决定跟你说
60674,我发誓我不告诉别人
60690,你别慌来坐下
60691,我慢慢给你分析一下
60692,像你这种清纯的小萝莉型的
60693,肯定是很招大叔的
60694,再说了人家汪总也没跟你说什么
60695,这不就是跟你表达一下他自己的心情吗
60696,这是很有分寸的
60697,像他这种地位的人总是会有一些烦心的是吧
60698,所以需要向你这种小萝莉倾诉一下
60705,给我们带来青春的活力
60706,这不就是春色吗
60715,就这样你不懂
60716,这是文学
60742,您一点都没变
60747,就像我们常常看电视上面出现的那种成功人士
60749,我在你这永远都是学生一个 怎么着宋老师
60750,您还是要等到您的夫人和千金首肯了
60751,您才能同意吗
60783,今天下午我就把我们想卖房的消息放到赶集网上
60784,没几分钟来6通电话想买我们房子
60785,我赶快敲下来
61001,我怕他我比他还狠
61246,等你们俩闹得不可开交
61247,我就旁敲侧击地劝劝我姐
61248,他只要一温柔
61249,你立马借坡下驴
61250,我姐一看这招好使
61251,从此以后对你这态度就慢慢改变了
61252,这事儿就跟训小狗一个道理
61253,你得慢慢培养他们的条件反射
61365,有我在
61366,他不敢把你怎么着
61369,我就躺地上我就讹死他
61370,又有什么吩咐
61398,我刚下夜班就过来了
61648,你你
62125,这都是我一宿一宿熬出来的
62182,我就是特意来谢谢你
62183,谢谢你成全我们
62186,原本我还以为要把他抢回来
62187,要费很大功夫的
62188,没想到你这么快就放弃了
62730,谁家老板坐前面
62734,那是跟朋友还是生意伙伴
62755,今天不值夜班了吧
62830,赶紧的打起精神
62831,给我继续找
63001,你过来一趟
63505,急什么呀
63665,你在想什么
63688,这个
63689,真漂亮
63701,你管不管我呀
63760,只有蛋糕
63761,还有金钱豹
63873,行行行 可别再提这事儿
64085,下次再教你怎么品雪茄吧 你有房地产的朋友可以打折吗
64096,说的是真的吗
64104,走之前能见到他吗
64131,明天我带食材去你家
64136,好我等你
65765,整个人
65766,在天空当中划了一道弧线
65767,刚巧落在了一个水塘里
65768,这就叫
65769,命不该绝
65770,在医院里面醒过来的时候
65771,我发现
65772,我旁边躺着另外一个人
65773,这个人
65774,就是出租
65775,出租车里面被撞伤的
65776,那个乘客
65777,更凑巧的是
65778,你知道吗
65779,他竟然是我在美国的同学
65780,命这个东西真的是很奇怪的
65781,我们两个人断手断脚打着石膏
65782,就这么在病房里面躺了两个礼拜
65783,就在这两个礼拜的时间里面
65784,我们放空脑子
66458,我要当上了大区经理
66459,这收入会上一大块
66460,到时候我就请一个全职保姆来照顾我们
66461,马儿的学校我都联系好了
66462,赞助费我也交了
66465,我觉得这样很好
66466,我看你老陈现在阶段状态是最好的
66467,我希望你会努力 加油
67532,但是我们善良有爱心
67533,要说有什么不同的地方
67878,要不是你的话
67879,也许我明天就要去领救济了
67938,说曹操曹操到 老大来消息了
68061,我就放心了
68074,天哪 对不起
68171,起床啦
68172,江达琳 太阳晒屁股了
68176,我看见你开心
68188,好啦 放心
68189,你爸肯定会没事的
68194,这个是LUNA洗脸仪
68195,你赶紧拿这个 好好洗
68201,你现在就应该积极一点
68202,振作一点
68203,咱们可是要当总裁的人了
68213,那就是你的公司
68214,你可是总裁
68215,听不懂怎么了
68216,再跟我说一遍
68217,不会业务怎么了
68218,会业务老娘还用得着你们
68231,你就这么想
68232,再怎么难
68233,咱们也是去做老板的
68234,总比我们这些打工的容易
68250,反正这件事情包在我身上
68251,马邦尼
68252,你现在厉害
68257,好我知道了
68264,干嘛不去
68265,搞得好像我怕他们一样
68268,要不我今天把下午的课调一下
68269,陪你把家搬了
68270,你可是我亲姐妹
68327,我上一年级的时候
68328,我爸看周围的那些小朋友又会弹琴
68329,又会跳舞
68330,就非得买个电子琴让我学
68331,我抗争了一个月
68332,后来还是变成了一名光荣的琴童
68333,挨了多少打
68338,你说你会8国语言这事你怎么不告诉爸妈
68347,真是一出大戏
68349,我在看耿跃跟何君的八卦
68365,那说不定是人家的公关团队厉害
68366,这个时候就能看到我们这些干公关的重要性了
68375,第一天当老板
68376,当然得表现好一点了
68411,这是我爸给我做的
68440,我会努力的
68474,咱们俩还挺有缘分
68476,你不认得我了啊
68478,我坐着泡
68479,我的比泡你的多信吗
68480,提醒一下
68481,前天晚上就是这个位置
68482,我陪你喝了四排龙舌兰
68483,还是我替你付的酒钱
68486,放心
68487,骗钱骗色我都不会来找你
68488,那天晚上你喝多了趴在这
68489,我还问你要不要我帮你打电话
68490,叫你朋友来接你
68491,后来我有事要先走
68492,走之前是我买的单
68493,比利 比利
68494,比利
68495,24个比利
68496,记得了吧
68498,你1个女孩1个人在这喝酒
68499,感情问题
68502,记得我是谁了
68507,一个堂堂dl新上任的总裁
68508,几杯酒钱还赖账
68579,我正好恰恰相反
68580,我对于手下败将的惨痛经历总是喜欢见一次
68581,提一次 我怕有些人记打不记吃
68599,英雄救美
68601,谁 长得帅吗
68630,月底还有个试镜了
68639,你受累了
68653,所以光荣而又艰巨的任务就交给你了
68660,你是谁 你可是邦尼啊
68661,你能力多强
68662,你不来谁来 是吧
68663,行吧
68664,我教的学生大部分都是外企高管
68665,你要找的人有什么条件
68666,我让他们帮你物色
68667,听好了
68680,没了
68686,可是这种特殊人才有哪儿找去
68687,Ok
68688,no problem
68689,我一会到学校就帮你问 挖地三尺给你找出来
68690,love you 我跟你讲
68695,必须的
68696,上海高档餐厅任你选
68697,要不然我送你个包
68704,是不是又一次被你惊人的健康体魄给惊讶了
68709,其实我知道你为什么心情不好
68710,总裁没当上
68712,你怎么想的我太明白了
68713,我是你老公
68714,我把你研究的门清的
68776,你爸爸说在网上看到了你新闻发布会上的视频
68780,他觉得你表现得很棒
68781,很有魄力
68782,有他年轻时候的样子
68783,肯定是你安慰我的
68795,红点公司这几年发展挺好
68799,犯错误不就正好等你来解救啊
68803,著名美女丁一楠 怎么样
68840,说明正需要我这样的人去帮他们开疆拓土
68846,那些人想跑是因为他们知道自己没有能力能帮DL公司走出困境
68847,可我不一样
68848,扭转乾坤是我的长项
68849,DL公司越是动荡不安
68850,越能体现我个人的价值
68851,ok
68853,瑞安里名字很好听
68854,老上海就是这个样子的
68855,我从小就在这样的环境里长大
68856,可是上海就是讲弄堂里
68857,李斯特 你也真是的
68858,今天又没有你的课
68859,你还专门跑到学校接我下班
68860,这叫突然袭击
68861,搞得人家措手不及
68862,你是我的女神
68863,我愿意
68864,小点声邻居听到多不好啊
68870,你先去
68871,我保证我一定会准时出现
68872,咱们8:30不见不散
68873,李斯特
68875,你交给我的任务我必须得完成
68878,你这房子好
68882,你这是老式洋房
68888,李斯特可是骑哈雷的
68889,这舍得花几十万买辆摩托车的人
68890,跟花几十万买辆汽车的人
68891,档次能一样吗
68892,而且你知道李斯特今天晚上请我吃什么吗
68893,米其林三星
68895,今天晚上是我跟李斯特第一次正式约会
68896,这男女之间的第一顿饭就代表着你在男人心中的分量
68897,咱们上大学的时候
68913,我在几个高端的招聘网上下了英雄帖
68914,我就不信找不着人
68916,人 我已经给你找到了
68917,李斯特给你推荐了一个男神级的人物
68920,这个绝对没有区别
68921,男神的皮囊大神的头脑二神合一
68923,我骗你干嘛呀
68925,结果我上网一查不服不行
68926,沪上公关界就没有不认识他的
68927,据说他跟所有大的公关公司都交过手
68928,包括你们dl
68929,人家就没有败绩
68930,而且他还建立了一套自己的公关法则
68931,叫什么 我给你看看
68932,有了 客户至上
68933,利益最大
68934,主动承担 真诚沟通 速度
68935,第一 简单有效
68936,主次分明
68937,理性冷静
68938,诚实守信
68939,遵纪守法
68941,卫哲
68985,这说明他不仅乐于助人
68986,还慷慨大方
69002,私生活就不要太计较了
69030,你有底我就有底
69091,帮你敲山震虎
69100,邦尼 我给你准备了礼物
69101,给你了
69105,你的李斯特不是要帮我把卫哲挖过来吗
69106,这个事情还能不能搞定了
69117,可是我气量大
69118,他是这方面的专业人才
69119,我需要像他这样的合伙人
69121,你是不是跟李斯特约会
69122,他今天晚上请我吃私房菜
69123,有什么佛跳墙
69124,贵妃鸡 秃黄油拌饭
69125,知道秃黄油是什么吗
69126,就是大闸蟹的蟹黄跟蟹膏
69127,用葱香给他一爆炒
69128,今天晚上这顿饭我买单
69129,但是必须要让你的李斯特帮我把卫哲挖过来
69130,只要这件事情搞定了
69131,你和他谈恋爱这件事情
69132,我准了
69134,加油
69136,你好
69137,传媒学院04级舒晴
69138,我认识你
69139,我们06级迎新晚会就是你主持的
69140,你可不知道那会我们这些师弟们多仰视你
69141,你就是我们心中的女神
69142,你就是我们的校花
69143,师姐
69144,这些年我们这些师弟们没少追你的
69145,你可真会聊天儿 一下
69146,把我说老了好几岁
69173,我敢瞧不起吗
69189,你看你儿子的手一直抓着我不放
69190,太可爱了
69191,你就抱抱呗
69192,我能抱吗
69193,当然能了
69194,算了
69195,我不敢 我怕把他抱疼了
69196,卫哲
69197,你是不是特别喜欢小孩
69202,你真了不起
69203,你儿子也真了不起
69204,你最了不起
69212,那当然
69223,现在无所谓了
69227,即便我有焦虑症
69228,也不影响我成为赢家
69229,我怎么这么讨厌你这种不可一世的样子
69230,我也是才想明白
69231,要正视问题才能解决问题
69240,你不是来看我
69241,你是想来看我儿子的
69242,你知道吗
69243,外面那些护士
69244,他们以为你是孩子
69245,他爹
69246,我特别认真
69247,特别正式的想跟你说
69248,我想请你给孩子当干爹
69251,你看我这个肌肤测试结果这么高的分数
69252,果然认真清洁的皮肤就是完美
69276,你还劝人家老板人道主义
69277,你也太可爱了
69322,我是特意来给您道歉的
69323,这是我送你的礼物
69324,请您笑纳
69337,太有品位了
69339,友情提醒一下
69340,把自己家里的照片放在网上
69341,需要特别谨慎
69350,不是 不是
69351,我觉得你骂的特别好
69352,特别有道理
69353,我虚心接受
69354,我还第一次见到挨骂也上瘾的人
69356,我知道您是全中国 不 全亚洲最好的公关顾问
69378,宝贝到家了
69380,时间过得好快
69381,是
69382,真巧啊
69383,李斯特 你说世界上有这么多的国家
69384,中国有这么多的城市
69385,而你却偏偏来到了上海
69386,更巧的是上海那么多的培训中心
69387,培训中心有那么多的教室
69388,而我偏偏走进了你的教室
69389,你的中文已经很好了
69390,完全可以毕业了
69403,那就好
69450,你没有拦我
69452,为了公司的业务我就得不要脸
69453,多包涵啊
69455,必须的
69460,但是我不追究
69461,只要你教我写这篇声明
69462,我们俩就扯平了
69463,而且我愿意付钱的
69465,我知道我付得起
69466,你就当我是你的客户
69468,太好了
69469,我现在就以DL总裁的身份
69470,诚挚的邀请你加入我们的公司当我的合伙人
69472,那又怎么样
69474,因为我更有诚意
69475,我们就从这边声明开始磨合
69476,说不定你很快就不烦我了
69477,会喜欢我
69478,只要你同意
69479,我们随时签合同
69480,你看公章我都带了
69484,我可是什么都做得出来的
69553,晚安
69573,我在纽约看过她的个展 印象很深刻
69574,她是我妈
69575,他后天会在当代艺术馆举办一个个人邀请展
69576,邀请的人都是艺术圈的知名人士
69577,名额一共只有50人
69578,如果您感兴趣
69579,我也想邀请您参加
69584,我想 里面一定有很多的异性
69588,您就说您是去还是不去
69608,我向他推荐的你
69615,保密
69653,我们两个已经商量好了
69654,先地下恋情一段时间以后再公开
69658,你放心 我以后肯定不会让他再上来的
69667,卫哲 人家不但把你送回来
69668,还替你开了会
69669,男神一枚 可以呀
69695,我想起来了
69696,你以前被dl拒之门外过
69773,好吧
69774,我就不吃醋了
69846,谁呀 还卫哲老师
69854,平白无故把我叫老了一辈
69855,这不是占我便宜吗
69977,老婆
69978,那个跟你说个好消息
69979,今天 Tony说准备给我升一升
69980,让我当销售副总监
69982,你现在说恭喜还有点太早了
69983,话又说回来了
69984,没有老婆的帮忙
69985,我这怎么当啊
69991,你明天上班顺便帮我打个招呼
69992,我们酒店的情况你也是知道的是吧
69993,你放心老婆
69994,只要是你介绍来的客户
69995,我们折扣一定是最低的
69996,老婆求求你帮帮忙
69997,这是托尼的意思
70034,宝贝儿
70035,我去冲个凉
70036,你等着我
70037,Okay
70039,李斯特
70040,你知道他在哪里住吗
70041,嘉丽华庭 这地段的房子 这size 租金少说要3万块钱一个月
70042,还有他今天给我看了他父母跟他妹妹的照片
70043,还跟我讲他家里情况
70044,这一个男人给一个女人讲述自己的家里情况
70045,这意味着什么
70046,你晓得吧
70050,外国人嘛
70051,你懂的
70052,感情来了挡也挡不住的
70053,不过这至少说明他是不抗拒跟我共建家庭的
70054,是不是也意味着你对他的原始吸引力减弱了
70064,今天晚上来陪我了
70068,反正我今天晚上是回不去的
70069,宝贝儿我来了
70070,Baby
70071,宝贝快点脱衣服
70072,李斯特
70073,人家是中国人
70074,我们含蓄一点
70075,这个还分国籍
70076,我让你脱衣服是为了让你换衣服
70077,我跟你解释一下 之前从来没有过异性朋友在我这过夜
70078,我不习惯
70101,必须的呀
70106,可我就是愿意跟和我相反的人做朋友
70107,江达琳 这件事情你做的对
70108,我支持你
70109,总算说了句人话
70140,刚来的路上 其实特别紧张
70141,我怕你又要大发雷霆
70142,然后训我一顿
70143,但没想到看到了这么暖心让人感动的一幕
70144,我又重新认识了你
70145,真的
70146,我觉得特别让人敬佩
70187,你听我说
70188,先告诉你一个好消息
70189,new face把欠我们公司的100万还给我们了
70191,还有更好的消息
70192,new face把他们明年全年的公关业务全交给我们做了
70194,其实我觉得顾凯雷不仅讲道义
70195,还挺有人情味的
70196,最主要是他特别聪明
70197,他知道自己要什么 知错能改
70198,你想他要是省出200万
70199,他就失去了员工的心
70200,那就太得不偿失了
70201,他现在把他们公司明年的业务交给我们做
70202,他的员工肯定会想我们的老板还是守持本心充满正义感的老板
70203,我们要为他卖命创造更多的价值
70204,这样一来
70205,他可不是多付了200万
70206,他赢了
70207,可是员工们的心 他多精明
70208,你说我分析的对不对
70210,同喜同喜
70214,这10万块钱算是我的拜师费
70215,从今天开始
70216,你就正式的收我为你的学生
70219,但怎么说也是我的一片心
70237,老大
70238,看看 满不满意
70239,我特意提出来的
70240,你的办公室必须是整个dl最大
70241,还有无敌江景房 老大 跟你说
70242,只要你这些奖杯一摆出来
70243,整层楼都被你给震住了
70244,你注意到没有
70245,你刚进来的时候
70246,那几个女孩看你眼睛都好长在你身上似的
70254,不可能
70255,我用的都是国际大都市交通素材
70259,我上个月刚去过孟买
70262,你今天前面出车祸了
70263,是辆牛车
70264,我怎么还听到有英文是印度乡下
70273,他们说这是暂时的
70274,我们可是把最好的办公室都给你了
70278,卫总来了
70279,有失远迎 有失远迎
70320,我不太喜欢眼睛太大的女人 你知道吗
70321,你眯着眼睛看我得时候
70322,特别的性感
70325,我跟你在一起聊什么
70326,我都觉得特别有趣
70327,请你跳个舞
70330,刚上网查了一下
70331,你是全世界最贵的造型师啊
70332,你是不是给很多明星弄个头发
70333,你这儿的营业时间是11:00~10:00
70334,你是特别的为了我提前开的门吗
70337,你们俩是好朋友
70341,你打算把我的头发弄什么样
70346,没有人告诉过你永远都不要得罪造型师的吗
70350,才花了你3万多块钱就心疼了
70351,我还没问你要我的形象设计费
70357,我是在教你如何做一个优秀的公关
70367,你就要做好大出血的准备
70368,我要给你从内到外做一个大的改变
70372,更重要的是你是我的学生
70404,Hello 好看吗
70410,是卫哲帮我设计的
70415,有机会我也得让他帮我参谋参谋
70426,我替你想到了
70427,我不以总裁的身份去
70428,我就说是你助理
70429,哒哒哒 名片我都印好了
70430,总裁助理 莉莉 够有心的
70451,要不要一起
70453,你什么时候回来的
70455,知道你大学毕业以后去了深圳
70456,我之前还通过深圳的校友会找过你也没找到
70457,在深圳还好吗
70458,你回上海多久了
70459,你怎么进飞扬集团了
70462,我就有点激动
70463,没想到
70469,真没想到能在这遇见你
70470,对呀 还挺有缘分的
70471,太有缘了
70472,你说你上个月刚刚入职
70475,我我也是才不久
70476,真的是太有缘了
70479,也算是庆祝一下咱们两个再相遇怎么样
70480,请吃饭那也得是我请啊
70485,亲爱的
70486,你知道我遇到谁了吗
70487,谭新凯 那个师哥谭新凯
70490,他回上海了
70491,而且是在飞扬集团
70492,你的偶像回来了
70493,这一次你可不能让他跑了
70494,一定要抓住机会
70495,什么乱七八糟的
70496,他该不会是特意回上海来找你的
70497,你再胡说我挂电话了
70498,我怎么胡说了
70499,他现在在你旁边吗
70500,我来跟他说
70501,他不在 待会要请我吃饭
70502,他应该是上去拿东西了
70505,你走开
70506,什么 好了不跟你说了
70507,拜拜
70508,我们快有6年没见了
70511,我只记得我想记的事情 怎么样
70512,这几年你过得还好吗
70513,挺好的
70518,打听我干什么
70519,我想咱们俩还能不能见上一面
70520,大学毕业以后就出国留学了
70521,也是才回来
70527,没事
70528,别老聊我了
70529,说说你吧
70530,飞扬集团可是500强的企业
70531,你这个年纪当上了高级经理
70532,真的是太棒了
70533,不愧是我师兄
70534,上大学的时候我就特别崇拜你
70535,可别闹了
70536,哪有那么夸张
70540,干嘛这么谦虚
70541,是不是
70543,我是希望公平竞争
70544,赢也要赢得坦坦荡荡
70548,Ok 是 我不得提前做功课吗
70557,怕你是不会怕的
70558,赢你也是不可能的
70561,爹妈给的
70563,这个身位你还看不出来
70564,不是高手吗
70569,大学里是最容易产生爱情的地方
70574,我不八卦了
70782,嫂子的不就是你的吗
70783,哥
70784,你是一家之主
70785,你再任性一回冲动一回
70937,相当任性
71044,双重违约
71045,你先违约
71070,他的租金咱们俩一人一半
71083,2000行了吧
71822,你是电脑
71823,你是电脑大神
71949,勒令他明天马上给我付钱
71955,乖乖的付钱
72154,那钱不都是你的
72253,大律师就是大律师
72254,我就是喜欢你这一点
72589,师姐您说的太好了
72590,您这么一点拨我豁然开朗
72591,我前几天我都急得睡不着觉
72671,这孩子还倒挺可爱的
72672,他多大了
72812,我提出来220万
72819,有了这个案子咱俩在所里说话
72820,腰杆都硬了
72932,如果丁丁不是一男的孩子
72933,那就证明丁丁的亲生父母把他给遗弃了
72934,这是法律问题
72935,这是货真价实的案子了吧
72936,先用这个假案子让你跟陶语桐建立起联系
72937,然后我去查丁丁的来历
72938,到时候你们俩共同代理
72950,只要你愿意
72967,谢谢
72984,我相信你一定会成为一名大律师
72986,夏峰
72987,你一定
72988,会成为大大大歌星的
72989,邹男你一定会成为大歌星一样的大律师
72990,大律师给大歌星打官司
73091,真是这么回事儿
73092,你看他平时waooo waooo咋咋呼呼的 嘿
73250,在这儿等着我哪
73269,都喝成这样
73270,你赶紧回去休息吧
73473,你知道什么叫爱吗
73843,夏峰
73844,我今天到了天秤
73845,我发现我真的是太喜欢那了
73846,你说得没错
73847,我就应该在那样的大律师事务所里工作
73940,我至少帮你拿回一套
74165,您没有律师资格非法以律师的身份来招揽业务
74166,收取高额的代理费
74167,您就等着警察来找您吧
74168,再见
74247,不过考得不太好才考了第九名
74255,值得庆祝
74256,来两杯卡布奇诺
74517,我能看出来
74518,你挺喜欢夏峰的
74519,你既然喜欢他
74520,你就说出来
74521,没必要这么煞费苦心的来试探我
74619,看哥的魅力
74885,你怎么算的那么准
74959,你认为
74967,不是我给你显摆
74968,你知道什么叫做聪明吗
74969,就是买对的东西
74978,太好开了这车省油
75159,讨厌
75160,要不邀请你来参加明天的婚礼怎么样
75161,特约嘉宾 外加
75162,晚上姐妹party
75390,你肯定心里在想
75391,我这么个走后门的人怎么能刷新考试的成绩呢
75394,谁
75406,你们银行真有钱
75407,一会客室都弄这么好
75437,但是大大提高生产力
75450,对啊
75677,是它吧
75699,真的
75768,我喜欢活泼一点活泼的
75786,像你这种中年人还能理解我们年轻人的热情吧
75797,要是您哪天爱上公司的某位女同事
75798,您会怎么办
75838,行吧
76080,当然有关系了
76081,你想如果这辆车的后备车箱装了200万现金
76082,他们还会随随便便把车停在路边
76083,不要了吗
76303,我管这个叫电路快速计数器
76304,我在实际操作当中已经实验过了
76305,在技术环节上大大节省人力
76322,我说宋大楠啊
76323,你放心我一定奖励
76347,那你买给我
76379,明年开春这个项目基本就可以完成了
76512,将 将了 输了
76862,什么惊喜
76863,姚总您能提前透露一下吗
76974,行吗
76984,我觉得咱们饭菜真的是油
77099,我觉得太开心了
77183,我们其实跟咱们医院的高层关系很铁
77184,所以你看他是不是都打过折的价格
77187,太好了 我们跟上层关系
77188,既然这么铁
77189,你看是不是可以给我们开点那个保健品
77212,要不咱把这床垫也换了
77213,换个医院那种棕床垫
77214,那对腰还好呢
77215,对腰还好呢
77218,还有空气净化器
77219,人家医院想的就是周到现在空气污染多严重
77220,室内就得有一个净化器
77221,而且这笑笑刚出生
77222,咱得给他一个健康成长的环境吧
77226,智能马桶用起来太方便了
77227,能够坐垫加热的
77228,还能喷水冲洗的
77229,我这不是坐月子吗
77230,我弯腰也不方便
77231,那特别适合我用
77330,当然这件事如果要办成了
77331,我一定会重重的谢你
77415,在食堂我一进食堂20多人跟我打招呼
77416,跟小李打招呼的不超过5个
77417,所以我有人缘我有人员倾向
77524,因为我喜欢你
77692,等等 你晚上
77783,妈说了这次的药特管用
77784,喝了有可能怀上双胞胎
77785,我不敢有那么大的奢望
77786,你只要能给我生出来一个就得了
77787,上班 以后早晨别老折腾我
77788,这弄得我上班一天都没精神
77834,点这个是吧
77890,要辛苦你
77942,我给你买的衬衫有一件一模一样的
77943,行
77944,这衬衫归你了
77945,随便糟践
77949,你今天怎么想到给他送饭了
77961,来100天纪念
77962,干杯
77963,来
77969,怎么会
77977,知道我现在在想什么
77978,想什么
77979,我想亲你一下
77988,士为知己者死
77995,公司蒸蒸日上
77996,没看出来你倒蛮旺夫的 我告诉你
78007,我跟你说我妈妈说了金医生主治不孕不育是全市的第一块牌子
78008,外号叫什么
78009,金圣手
78037,这好事
78102,这照片哪里来的
78193,以后你们家要是有什么新款能送她两套吗
78194,给个出厂价也行
78343,你还挺疼你女朋友的嘛
78398,我还就是一个特有正义感的人
78399,本来我对这件事情可以没有立场
78403,所以我非帮那大姐不可
78593,搬个家嘛
78594,为什么
78597,想哪去了
78641,前两天刚把驾照考下来
78642,就手痒痒
78643,跟朋友借辆车开着玩两天
78644,这不 正赶上你来了吗
78645,光耀呢
78646,没跟你一块来
78648,我想你爸
78649,想我
78650,你是想吃爸爸做的乱炖大餐了
78651,是不是
78653,快上车
78656,你说
78657,我们这位刘光耀同志
78658,你们结婚都7年了
78664,没大没小
78665,我看你车开的挺溜的
78666,不像是新手
78667,这得感谢上山下乡
78668,插队的时候
78669,你爸爸是拖拉机手
78670,就这么宽的路
78671,你爸爸都敢开
78672,你像这种自动挡的车
78675,你那么喜欢我给你买一辆
78677,什么叫破费
78678,只要我爹高兴
78679,高兴
78680,让我早点抱上孙子
78681,比什么都高兴
78702,让我看一眼
78705,好香
78706,给我女儿做饭
78707,那是我最大的享受
78708,乱炖大餐
78709,我干点啥
78710,你帮爸爸把那土豆削了
78711,真的是个好男人
78712,嘴跟抹了蜜似的
78713,我再好
78714,能有你们家光耀好
78736,回来了
78742,你先坐 来
78744,我有好事跟你说
78746,惊喜连连
78747,我在超市买东西中了三等奖
78748,28块钱的自助火锅加免费畅饮
78751,他们家火锅可好吃了
78752,天天都有人排队
78763,还有第二惊喜
78767,800 再猜
78769,怎么可能
78771,88 我在京东上买的打折划算
78784,我发誓我今年一定给你买一个名牌包包
78807,你要对我有信心
78808,我现在这叫怀才不遇
78809,将来肯定有一天我会让你过上丰衣足食的好日子
78811,不久的将来的某一天
78818,爸爸插队的时候用过的针线包
78822,这意思可大了
78823,告诉你
78824,针线包是你妈妈认识我的时候
78825,他亲手给我缝的
78826,你看那上面的鸳鸯也是他亲手绣的
78830,针线包跟了我一辈子了
78831,日子用的长了
78832,他也破过
78833,也漏过
78834,可是你妈又一针一线的把它缝好
78835,我一直用到现在
78842,这话说的不错
78843,天塌下来有地撑着 再说
78844,还有老爸给你撑着
78890,针线包我收了
78929,我跟你讲这4s店的老板是我的死党
78930,他帮我搞到了一辆内部试驾车 带牌照的
78931,晚一天都没有了
78932,不对 准确的说是晚一个小时都没有了
78935,觉得自己不够孝顺
78936,心里很内疚
78937,现在机会来了
78941,别急
78942,他都已经看到你勒 怎么样 灵吧
79088,谢什么呀
79092,就当我见义勇为了
79093,你是跟我来拿房租的
79094,我都准备好了
79095,一会我就拿给你
79099,这是日本做法
79100,对了
79101,对面那个女的她已经搬走了
79107,我说那是上天的旨意
79108,谁让我正巧那天撞上你们家的那些龌龊的事
79109,所以我就变成了正义的化身
79110,认识你对我来讲也是上天的旨意
79118,咱俩都是好人 好人帮好人
79119,那是天经地义的
79120,对吧
79199,你不会是吃醋了吧
79204,你生什么气 饿了吧 赶紧收拾收拾咱们一会吃饭去
79205,什么味那么香
79207,谢了啊于小强
79210,他房间弄的还挺干净的
79211,这下我省心了
79212,比店里做的好吃 又稠又糯的
79241,姐你煮的粥一级棒
79266,你放心
79267,我的手艺也是挺好的
79268,我一定仔仔细细给你缝
79270,这是我爸妈的定情之物
79272,感觉挺土的
79273,但现在看起来还是挺时髦的
79280,没事
79287,我刚才在楼下碰到家明了
79288,他挺紧张你的
79289,他说我一定要把你照顾好
79290,真的我租你房子的时候
79291,他就反复的跟我说
79292,我要问女朋友
79293,我要问我女朋友
79294,现在像他这么好的男朋友也不多了
79306,我倒不怕这个
79308,你说让小强上这来工作
79425,我知道你会吃
79436,不能给他吃
79437,你真像我妈
79541,告诉你
79542,我要新的香奈儿
79543,还有
79548,不管你穿什么
79549,你都是我心目中的女王
79566,这还差不多
79567,好吧
79568,看在玫瑰花的份上翻篇了
79569,你去帮我跟于小强道个歉
79571,因为你是我的鲍家明
79573,醒了
79574,我醒了
79575,搞定了
79579,昨天晚上你到底用的什么方法
79581,你不想跟我分享一下你的秘密
79582,我初恋男友以前就这样追求过我
79584,我初恋男友长得可帅了
79585,个子跟你一边高
79588,没想到成功了
79595,张阿姨只要能在这上班干什么都行
79598,好可爱
79605,能在这上班
79606,看见这些小孩真的是太好了
79612,这是人家给我发的工作服
79613,我穿上试试
79614,不是这裤子
79615,你觉得怎么样
79633,让我给你去买一样礼物
79634,你喜欢什么
79635,你别破费了
79636,有他这句话就可以了
79642,姐你真是个实在人
79643,我也实在一把
79644,这第一个月的房租我就免了
79654,这样我还是跟嘟嘟说
79655,第一个月的房租就免了
79656,你可以给我一半
79657,这一半我就留着自己当私房钱了
79658,行不行
79671,姐
79677,你能不能在网上帮我查一下
79681,坐在你面前的是你的一个前辈
79682,你应该虚心请教请教
79684,我那时候来上海什么工作没做过
79688,先给我去沏杯茶
79696,还有我每天能看见小孩
79697,我觉得挺好的
79712,下班了
79713,几步路就到了
79717,赶紧上来
79718,是
79719,走喽 第一天上班感觉怎么样
79720,你昨天跟我说那5条很实用
79721,虽然我第一天当保安
79722,我觉得自己就像一个老保安一样
79725,我让你好好干
79775,但是我保证雄的个个膏足那雌的只只鹅黄
79786,好好
79841,来了
79842,小强
79847,关键呢
79848,我得把这个交给我女儿
79853,我跟旅馆后边的厨房说了
79854,一会给咱们蒸一蒸
79855,晚上陪爸爸喝一杯
79859,平时抠抠搜搜的 就是对我和我妈什么都舍得
79863,就老背着我托人给我找对象
79864,我都不知道
79867,我于建国这辈子永远是你的人
79868,哪怕是百年之后
79869,我也得跟你住在一块
79870,这话你都说了800遍了
79871,你妈好女人
79872,好媳妇
79873,爸爸这辈子
79874,就你妈一个女人
79877,我觉得你跟我妈你们俩特幸福
79878,虽然我妈走得早
79879,但你们俩这一辈子也算是不离不弃的
80060,这儿呢 别打了 小伙子
80069,能碰上你这么热情的年轻人
80070,真是不容易
80071,这是应该的
80104,给他买点好吃的
80108,我现在是他弟弟了
80109,照顾他是应该的
80298,我只要一想到我马上就要抱孙子了
80299,我是乐的觉都睡不着
80322,给孩子一个幸福美满的未来
80344,琴摔坏了
80345,我清唱
80346,你看你这两天没回家
80347,我脸上都长包了
80355,你在我心里永远都是那么年轻
80360,好
80361,这样你给我买个新包包我就给你回去
80364,我说的
80452,这可是妈特地在京东网上给你订的
80454,光耀教我的
80455,为了孙子我什么都愿意学
80456,对了
80466,给你尝一口
80469,同意
80470,好  乖
80504,我怀孕了
80505,现在怎么看得出来
80506,要10月怀胎
80507,所以我回家了
80511,现在特别有
80512,我可以跟你商量个事吗
80514,我可以当孩子
80515,干爸吗
80518,我肯定没意见
80528,我就是要先当干爸
80529,再当爸
80556,刚走到办公室门口
80563,我听到这里的时候真的是大快人心
80564,小三彻彻底底的被你打败了
80575,要不是他去大闹了我们公司的发布会
80576,老刘和蓝馨怎么可能翻脸
80590,你应该知道的了
80592,如此遗忘
80593,简直就是神来之笔
80594,效果极佳的小三嘴脸暴露
80595,鲍家明拔刀相助
80596,老刘心回意转
80597,这就是一箭三雕吗
80598,这件事情你可要好好的去谢谢鲍家明
80599,鲍家明都是为了你好
80809,你知道我的心突然间就平衡了
80810,伤全部都好了
80811,他甩的你吧
80816,没事
80817,回来我请你吃饭
80826,看什么
80830,我喜欢你现在的样子
80852,不愧为是我的红颜知己
80853,知我者蓝馨也
80857,我得对得起你妈咪
80858,他对我多好
80859,知道我怀孕了就给我换了份工作
80861,你不知道啊 客服管家一对一的服务
80862,我现在全程陪客人挂号取药检查
80863,今天是我第一天实习
80864,所以我不能掉以轻心
80887,就给我肚子里的孩子起个名
80911,走 我带你去 姐
80913,我才怀两个月
80914,要等到四五个月的时候才会显怀
80922,姐我没想到你这么能砍价
80923,2000块钱就把这台电脑搞定
80928,我也没想到2000块就能买一个电脑
80941,他真的挺仗义的
81003,你那些得力的员工
81173,我就想着咱们俩可以强强联手
81174,然后大战江湖
81177,行
81178,当然行
81179,我连公司名字都找好了
81180,就叫熊豹
81182,要的就是这样的效果
81183,要有熊的力量和豹的速度
81184,更何况咱们俩的姓不就这俩字吗
81193,有一天我能有个大公司
81197,所以要前行
81198,要往上走往高走
81199,来 干了这一杯
81204,他主动跟我赔礼道歉
81205,说要补发工资
81206,还说可以跟我续约
81233,姐
81236,你太仗义了
81239,我老板让我回公司了
81240,他还跟我道歉
81241,工资都补发给我
81242,我知道是你帮我
81243,你去找刘光耀了是吧
81260,一切都为了肚子里的孩子
81274,你困了你回去早点睡
81277,你走吧
81278,做个好梦
81321,你开玩笑了
81322,你别逗人了
81341,我的梦想就是不当土豪
81360,不过我现在真的比以前好了
81361,现在我靠着给别人修电脑
81362,已经有一批固定的客户了
81372,当然了必须的
81373,绝对我支持你
81388,谁让你告诉我了呢
81400,小强姐
81507,你现在是老板
81508,我就是一打下手的
81509,当年我刷爆你多少张卡
81510,你不怕我拿这主卡我又把它刷爆了
81522,不过你别说对于小强生气的时候还是挺可爱的
81576,你还记不记得
81577,你答应过要送我一个新包包
81585,我去买了
81586,一会就回来
81640,来坐
81659,还记得来看我
81709,原来你也有不自信的时候
81710,你怕我对老太太好
81711,老太太就不接受你了
81861,我告诉你
81862,这个地方是我的私人会所
81875,有没有觉得心情舒畅了一些
81882,什么感觉
81884,真的感觉我心情好了很多
81885,我感觉我的怨气一下子就到了脚底下
81886,然后从脚底下钻到了地底下
81899,好了没
81916,好
81938,漂亮
81939,真漂亮
81942,为什么我躺在你怀里就觉得那么踏实呢
81944,因为你有父亲一样的成熟
81945,还有很man的一面
81946,还有小孩一样的顽皮
81949,反正我觉得我特别了解你
81950,是啊
81971,平时的时候两个人能在一起
81972,就多在一起 一起做饭
81973,一起买菜
81974,一起快快乐乐的过小日子
81975,到了假期
81976,两个人就出去旅游
81977,最好趁年轻能游遍五湖四海
81978,到老了都是花钱买不来的美好回忆
81993,我就想和你一起快乐
82049,对了
82050,我明天还要去一家餐厅
82051,我去那谈唱是我以前的老板给我介绍的
82052,你还挺能干的吗
82053,你看我这么努力
82054,你夸我一下
82059,幸亏有你这三寸不烂之舌
82060,人家总算给登记上了
82087,我教你啊
82161,姐
82162,我还真是第一时间就想到你了
82163,我第一次来是派出所就是陪你来的
82164,我想上次是我陪你 这次也应该是你来救我了是吧
82197,睡个好觉
82198,做好梦
82542,打住 我现在特别想知道你把小背心一撕开的时候
82551,哎哟 哎呦呦 我跟你说我现在想想其实特后怕
85401,学沫嘛 干别的不行
85402,想象力还是有的
85442,像我这样 把衣服往后一撩 把手插在兜里
85445,看咱两了
85446,有钱吗
85447,零钱
85501,老师您是怎么看出来的
85506,让我一看都看得八九不离十的
85572,当然不能光吃饭
85578,给他一巨大的惊喜
85579,接着呢
85590,我可以去
85720,做我女朋友
85721,有我在
85725,欧阳  能让我亲你一下吗
85729,我告诉你欧阳
85730,我不会放弃的
85731,我会回来的
85764,猜对了 别跟我抢
85841,跟我走吧
85843,所以更加坚定了我这个决心
85844,我一定要把你带走
85976,您这段时间得加把劲
85977,趁热打铁
85984,要不
86058,王大夫
86059,吃饭了吗
86061,我吃过了
86067,王大夫
86117,不愧是程老师
86122,那是 不可能 我一人做事一人当 主意是我想的
86314,而且是干一辈子
86315,我希望将来可以接曾主任和马主任的班
86316,所以我才拼命的往上爬
86317,而且还要爬到你前面去
86330,你说什么
86332,行 有理想是好事
86352,我听说住院总已经定你了
86353,你是不是因为这个事想谢谢我
86356,其实你不用那么在意
86357,我只要能帮到你就已经很高兴了
86363,没事
86364,你想说什么就说
86365,我不介意
86367,在这说不合适吧
86368,要不然晚上咱俩下班
86369,找个地方请我喝一杯
86370,我请你喝也行
86375,你说我听着
86416,事故现场对伤者的处理干的漂亮
86417,曾主任都赞不绝口
86418,没看出来
86419,一个半吊的实习生其实是一高手
86422,程老师你过奖了
86423,主任也过奖了
86606,为什么
86621,Me too
86696,即使像今天乱成这样
86697,我也一点都没有要离开小麒的意思
86698,我们俩之间听起来很可笑的誓言是发自内心的
86700,有一点点怕
86706,从我孩子的嘴里能够讲出这番话
86707,还真放心了
86708,妈妈很欣慰
86749,这么好又漂亮的媳妇上哪找去
86750,你 看尤其笑起来那么漂亮
86751,你看尤其笑起来那么漂亮
86753,反正你知道就好
86754,你准备以后怎么报答我啊
86772,我一个月就让你妈给我打5星好评
86787,我说你不许笑
86788,我也挺纳闷的
86789,我一直在琢磨到底是谁取的
86790,我也不知道
86804,心情的心 你看
86805,我知道你这个反应
86817,童童 你跟我上去
86864,我什么星座的
86865,您几月份生的
86868,处女座
86895,再见
86901,接下来该干嘛
86902,我想想
86903,你妈说我不能先坐床
86905,我
86952,你想我没有 我好想你
86959,别不高兴了
86960,那什么
86961,我给你准备的一个惊喜
86962,就夹在那本36计里头
86963,你去看看
86986,谢谢袁老师
87104,是吗
87112,我得感谢上天让我碰到了你
87219,我跟你说
87220,我今天找你来
87221,有好事
87229,我跟你说
87230,我上次不从那拿了5万块钱吗
87231,我不是说投资吗
87232,你猜怎么着
87235,120
87236,这是红利 多的
87237,我拿着我还得投资
87238,这给你
87246,你自己买瓶好酒
87247,只当我孝敬您的
87253,脸歪了
87254,植物人医院里躺着
87255,我看他去
87283,咱这不挣点钱
87284,我在外面吃龙虾
87288,当然 当然买
87292,一会我就把钱给你汇过去
87293,等着拜拜
87373,关门睡觉
87374,不关门怎么睡觉
87380,来赶紧睡觉
87425,媳妇我发现你的反应太快了
87426,我都憋不住了
87427,是刚才我都笑场 你爸突然问我我都蒙了
87428,不知道该怎么回答了
87429,是你笑场 我也憋不住
87430,差点就穿帮了
87439,要不然我们可以去远一点
87463,因为港澳通行证最快也得7天才能办完
87464,到那个时候我们都已经回来了
87465,对不对
87466,是不是聪明
87467,是不是 亲我一下
87475,人家给你免费升级了一个蜜月套房
87485,正好 中午咱们旁边酒店自助餐98一位
87492,小点声 隔墙有耳 不说了吗
87493,国家级的机密
87499,要不要奖励一下
87500,我吃点亏 来
87501,好了
87519,这个事情就包在我身上
87520,重担就压在你弱小的肩膀上了
87521,拜托
87522,好的
87555,规矩点
87560,我是他们俩的妈
87561,想把我给甩了
87562,门都没有
87563,从一过门开始我就告诉李闻雨了
87564,我是干什么的
87565,我干了28年的老警察了
87566,跟我玩这套小把戏
87567,他还嫩了点
87568,知道吧
87572,歇什么歇
87573,我还没去过
87574,不是吧
87575,咱们之前去过一次是吧
87578,你说你不带我去
87579,儿子们出去旅游还不带我去
87580,你们想怎么着 我跟他们去
87581,等于是我照顾他们俩知道吗
87588,我给你说 儿媳妇就相当于犯人
87611,感觉多可爱
87612,我一看你跟我撒娇
87613,我突然想起了一奇招
87652,真的
87657,你说干什么
87658,你最拿手的那是什么
87659,来
87666,就是这个原因
87667,所以你的写
87672,就写
87676,你不懂
87681,我爸这字现在越写越好了
87718,我就喜欢诚实的孩子
87719,你这样就非常好
87771,水就不用倒了大姐
88034,但我属于债多了不愁型
88039,我不得不在由衷的说一遍
88040,我这辈子除了从娘胎里出来
88041,就是把你李闻雨给娶了
88043,这就是我最正确的一件事
88044,我就知道
88046,我知道 上班去吧
88047,老婆你真好
88048,这大蒜特别好吃
88049,来尝一个
88113,我都会百分之百的支持你
88114,但是生活费的事你不用再担心了
88115,你老公我赚的钱就是给老婆花的
88116,我童小麒这辈子最大的己任就是赚钱给老婆花
88216,不要说了
88217,所以你就是一个会赚又会花的人
88222,心肝 麻烦你帮我挑一下
88223,你看哪一个比较适合好看
88224,我喜欢这件 这个颜色好嫩
88226,就觉得好像衬的皮肤挺白的
88227,还有这件 有亮片的在前面
88228,你觉得这个
88230,你觉得我穿了哪个比较好
88240,哪有隆重
88242,换给你看
88243,我才不信
88291,你身后有一个我 我撑着你
88292,对
88314,还有我觉得小麒你的眼光还挺好的
88315,我蛮喜欢他的
88316,虽然跟他认识的时间不是很长
88317,可是我感觉得到他是一个很真很透明很坦白的一个孩子
88318,你知道吗
88319,所以你比较好相处
88322,小麒对我特别好
88323,每次遇到什么事情的时候他都会护着我
88325,那就好
88326,妈妈就放心了
88349,救命
88350,太香了
88351,是你做的吗
88352,我可以吃了吗
88353,我告诉你
88354,这绝对是全世界最好吃的咖喱鸡饭
88356,一点都不夸张
88357,你绝对有职业的水平
88358,你相信我为什么
88359,因为我是开餐厅的
88360,所以我说好吃他肯定好吃
88418,所以今天我要在这犒劳犒劳
88420,因为现在你老公是大款了
88422,升什么级走吃饭
88430,我有我的办法
88509,再也不济 咱还有36计
88609,咱们可以先斩后奏
88639,因为我尊敬您
88640,所以叫你老爷
88687,怎么样
88688,感觉不错
88689,我跟你说
88734,我在西北 西北风可可大的 吹到脸上跟刀刮一样
88736,狼肯定有
88737,我是一只来自西北的狼
88748,每天早上起来对着山对着沙漠对着海唱歌的 身体也好了
88749,我跟您说您这小样还真不是我的对手
88750,不信咱俩比试比试
88751,我是搞文艺的
88804,脑袋是包的男人
88805,帅上加帅
88841,有没有把我交代你的事情给忘了
88923,我跟你说 我在这都已经是常客了
88924,老炊跟我都混成亲人了
88926,这就说来话长了
88927,说 继续说
88932,你看篮球、田径、足球 我个个都玩得转
88933,而且不是我吹牛
88934,很多项目我都可以达到国家级运动员水平
88935,你是没没见过
88948,你鸡腿吃不了了吧
88998,我看你这样全都是闲的
88999,咱要是有一小子
89000,你这会肯定不会惦记林妙妙
89008,你现在马上出去给他买个电话卡
89015,我跟你说这只要进了班委
89016,就说明没有被边缘化
89017,这就是好事
89020,你赶紧在你的电话备忘录里记一下
89021,明天给娃买个电话卡
89024,每当坐在话筒前
89025,我的声音顺着电波
89026,飘飘扬扬
89027,抚摸校园的每一个角落
89034,我看到同学们那些疲惫艳羡哀婉的目光的时候
89036,当我面对空荡荡的食堂和澡堂的时候
89037,我只有一种整片鱼塘都被我承包了
89038,的错觉
89041,你是没看见 你走之后背后的老赵 那无可奈何又无计可施的眼神
89042,那可是学校的规定
89150,成为朋友
89154,赶紧藏好
89155,不然被发现了
89168,我妈烧菜可好吃
89170,你带的什么
89174,你想吃吗
89175,咱们一起吃
89176,是你妈妈做的吗
89177,对了 给你带了酸奶
89178,抹茶味的酸奶 最配你这寿司了
89180,比较高级
89193,不仅是荤素搭配
89205,我以后所有好吃的东西
89340,真的是出场自带BGM 你是没见过 哥在那篮球场上一亮相
89358,不过话说你脑子够好使的了
89359,而且还这么专注
89361,跟你爷爷和昱文叔叔一个样
89438,我就等着你干翻钱三一
89442,不错
89443,真不错
89444,你看你这几次的数理化成绩都紧紧咬着钱三一
89445,非常不错
89452,老师你看这状元一年就出一个我创造的全市纪录
89453,快三年了都没人能破
89454,你说说哪个厉害
89455,对不对
89520,你怎么忍到现在
89548,江天昊人真好
89604,花生酱味的
89674,这基因多好
89696,儿子
89697,老师来了吗
89699,还没来
89702,老师很重要的
89703,你的成绩都是老师给予的
89704,对吧
89705,是这屋
89880,但你遗传了我画画的天分
89964,儿子 这运动物理学可不是一般人能弄得了的
89965,你这跟爱因斯坦属于一样
90051,你教教我 练不成十万伏 五万我也能击退对方
90069,这能一步到位就好了
90072,绝不止步于一次
90075,她要能保持在第三名
90076,也真不好说了
90077,我还得好好准备
90078,万一优秀家长之间相互交流
90079,我也得言之有物
90080,怎么教育的孩子是吧
90158,我总结出一套打法
90159,你想不想知道
90161,我称之为学生应对家长盘查成绩之技巧性回答
90162,首先千万不要等他们问
90163,一定要主动汇报
90164,你一主动在心理上就占了优势
90166,其次汇报顺序也很重要
90167,坚持打一个巴掌给一个甜枣的原则
90168,Understand
90176,我觉得我也是文科星球的
90177,咱们是亲戚
90180,我们是邻居
90210,以前江州一中有个男生为了爱情选了文科最后考了文科状元
90211,这一幕该不会在我身上重现
90218,我就是听的太认真了
90235,我就是很好奇
90236,他一个男生为什么身上却有一股奇香
90237,奇香
90277,我这盼星星盼月亮赶紧分到你们文科班去
90315,我也不知道他就成我们班主任了
90318,现在学校里还流传着校长三顾茅庐
90319,请他出任学校教务处主任而被他拒绝的故事
90326,我管他谁屋里得 只要是落在我手里
90327,我就让他知道盐是打哪儿咸
90328,醋打哪儿酸得 出来混迟早要还
90343,我要把钱三一这头金毛吼给你训成乖乖的大金毛犬
90351,我这是替天行道
90352,我帮你灭灭他身上骄娇二气
90353,明天为师就要给他来个下马威
90384,对了
90466,要么是像我这种有天赋的
90487,很好
90488,你就这样继续替本宫看住了
90489,绝对不允许任何雌性靠近我们一一半步
90492,我跟你说
90493,这汤汁泡饭
90494,我就能吃下一碗米饭
90495,我准备写一篇广播稿
90496,狠狠的赞美他们一下
90497,改天咱两一起播
90508,一会应该没人领了 我再拿一盒没事吧
90521,荤素搭配
90522,营养齐备
90523,真的太好吃了你来点
90537,你看 况且我对我们一一还是习惯于仰望
90550,你看我画的多传神
90551,脖子底下全是腿
90553,你别说你这幅画要是把这货挡上就非常完美了
90572,去了 我们一一何止是区区
90621,你有没有看过钱三一的手
90622,我发现其实我是一个手控
90623,我就特别喜欢看男生这种修长有力
90624,指甲又修的特别干净的手
90631,带人进去也行
90632,但是得约法3章
90641,我为了你可是触犯了广播站的天条
90642,你就给我一包
90692,还是很有气概的
90698,没想到犯了这么大的错误
90699,只读遍检查就过关了
90733,这学期刚过了一半
90734,咱们先攒着
90735,等这学期结束了一把兑现
90748,我只能告诉你
90750,所以请你们女生务必要做好防护工作
90751,不然会把你们烫伤的
90752,到时候现场能着的全着
90788,不是你听我说
90789,你看你爱吃我也爱吃
90791,真是巧了
90807,你刚说什么
90809,你要我微信干什么
90810,女孩子的微信是不能随便给人的
90821,小旗
90822,没给妈妈发消息
90823,我以为你还没到家
90825,专门
90826,让周阿姨做的 你尝尝 不行你得先洗手
90827,先洗手
90828,你等着我给你盛碗汤
90932,怎么样
90933,你要是早早的把进步奖发给他
90934,他就不会憋着这股劲了
90975,我第一反应就是你这表情
91028,也就是个78 还历史新高
91051,这次语文考了112分
91052,真棒
91053,是吧
91083,妙妙
91084,我家也有一个一模一样的 早知道你妈妈在 我就不来了
91101,我们这样能天天混在一起了
91102,还好我妈给我报了个补课班
91124,对
91127,他就是专门画这些手账的
91128,这种已经他出了好几本书了
91138,我们上次还说你要是在就完美了
91258,其实我在学校也是很多粉丝的
91375,对了
91376,妈差点忘了你的生理期快到了
91386,没有
91387,看你们交情
91389,钱三一 5百 邓小琪八百 江天昊1000
91397,清水出芙蓉的
91822,你好
91825,我 我 我约你
91828,这花送你
92084,还是穿婚纱的感觉最好
92407,丁香
92408,我还有个问题要问你
92532,来来来 闷了闷了 怎么样 怎么样
92533,过瘾吗
92534,过
92535,有没有点燃烧的感觉
92537,像不像你自己现在的心情
92538,像
92540,燃情百加得
92699,可你还是把工作辞了
92700,说明你在改变呀
92702,我心甘情愿
92704,伤害越深
92705,爱得就越深
92827,坚决不爱自己不爱的
92828,什么强扭的瓜就能让它甜了
92829,咱们精诚所至
92830,我还就不相信有一天你不会爱上我
92956,你放心吧
92957,我以后再也不会了
92958,真的
92959,坚强
92960,出发
92961,出发
93496,您看这布局 多合理呀
93501,臭小子
93502,行啊你
93518,那是啊 我身为新一代的北京青年
93519,也不能光花国家的钱呀
93520,也得为国家干点事吧
94020,你们俩好上了
